1,4691 Graedel Center,,Rakhiv,Ukraine,UA,Europe/Bucharest
2,0 American Way,,Bradashesh,Albania,AL,
3,44 Graceland Alley,3912,Porsgrunn,Norway,NO,Europe/Oslo
4,4 Washington Circle,,Hushi,China,CN,Asia/Shanghai
5,03 Redwing Drive,,Dongkeng,China,CN,
6,99571 Fallview Pass,,Ginir,Ethiopia,ET,Africa/Addis_Ababa
7,4 Summerview Trail,,Tala,Uruguay,UY,America/Montevideo
8,66930 Larry Avenue,,El Fahs,Tunisia,TN,
9,9486 Mesta Parkway,,Huangzhu,China,CN,Asia/Chongqing
10,,,Nankou,China,CN,
11,3 Northview Terrace,24421,Chakwāl,Pakistan,PK,Asia/Karachi
12,19 Corben Road,P81,Cloyne,Ireland,IE,
13,0 Sundown Court,288 02,Nymburk,Czech Republic,CZ,Europe/Prague
14,82512 Longview Pass,,San Lorenzo,Honduras,HN,America/Tegucigalpa
15,3 Westend Avenue,,Shanjie,China,CN,Asia/Chongqing
16,31 Caliangt Court,,Xianyan,China,CN,Asia/Shanghai
17,00510 Sullivan Place,,Zarzis,Tunisia,TN,Africa/Tunis
18,17 Oneill Parkway,54501,Taavetti,Finland,FI,
19,9 Green Pass,,Mirovka,Ukraine,UA,Europe/Kiev
20,87 Bonner Park,,Masty,Belarus,BY,Europe/Minsk
21,,58378-000,Itatuba,Brazil,BR,America/Fortaleza
22,34 Myrtle Street,V9L,North Cowichan,Canada,CA,America/Vancouver
23,0 International Parkway,8714,Dologon,Philippines,PH,
24,3 Knutson Parkway,,Arrah,Ivory Coast,CI,Africa/Abidjan
25,4747 Coolidge Park,,Salem,Indonesia,ID,Asia/Jakarta
26,,5050-365,Portela,Portugal,PT,
27,4 Montana Parkway,,Lamalera,Indonesia,ID,Asia/Makassar
28,41515 East Center,,Longzhou,China,CN,Asia/Chongqing
29,395 Eastwood Junction,,Chimboy Shahri,Uzbekistan,UZ,Asia/Samarkand
30,53745 Oriole Way,664 84,Zbraslav,Czech Republic,CZ,Europe/Prague
31,337 Oriole Avenue,87077 CEDEX 9,Limoges,France,FR,Europe/Paris
32,34 Colorado Junction,,Beiwa,China,CN,Asia/Chongqing
33,16 Eastlawn Pass,,Wenxi,China,CN,Asia/Shanghai
34,8 New Castle Lane,,Tongxing,China,CN,Asia/Shanghai
35,28130 Sutherland Trail,,Anseong,South Korea,KR,
36,0240 American Lane,425050,Suslonger,Russia,RU,Europe/Moscow
37,6218 7th Junction,,San Pedro del Paraná,Paraguay,PY,
38,,,Khalīlābād,Iran,IR,Asia/Tehran
39,63 Shelley Parkway,607676,Kstovo,Russia,RU,
40,107 Blue Bill Park Avenue,49970-000,Pacatuba,Brazil,BR,America/Fortaleza
41,61420 Granby Point,181 31,Lidingö,Sweden,SE,Europe/Stockholm
42,28527 Hoard Terrace,,Sanyi,China,CN,
43,,,Kongolo,Democratic Republic of the Congo,CD,
44,,,Bunobogu,Indonesia,ID,
45,92449 Katie Crossing,34-471,Lasek,Poland,PL,
46,,90160,Haputale,Sri Lanka,LK,Asia/Colombo
47,,,Birqīn,Palestinian Territory,PS,Asia/Hebron
48,,,Krajan Baru,Indonesia,ID,
49,,443 33,Lerum,Sweden,SE,Europe/Stockholm
50,38314 Clarendon Terrace,,Paraćin,Serbia,RS,Europe/Belgrade
51,,,Nanding,China,CN,
52,92869 Surrey Circle,,Kolchikón,Greece,GR,
53,935 Buena Vista Junction,5608,Mantalongon,Philippines,PH,Asia/Manila
54,,88220-000,Itapema,Brazil,BR,America/Sao_Paulo
55,1042 Lillian Drive,,Samanco,Peru,PE,
56,,,Bayan Gol,China,CN,Asia/Chongqing
57,27256 Porter Road,2965-223,Forninho,Portugal,PT,Europe/Lisbon
58,21185 Sachs Park,,Luqiao,China,CN,
59,452 Granby Lane,43-356,Malec,Poland,PL,Europe/Warsaw
60,59 Superior Drive,368033,Tsotsin-Yurt,Russia,RU,Europe/Moscow
61,2 Crescent Oaks Junction,6534,Labnig,Philippines,PH,
62,9 Larry Pass,,Dake,China,CN,Asia/Chongqing
63,55 Ridge Oak Circle,,Bitung,Indonesia,ID,
64,38061 Northland Parkway,L5M,Nanton,Canada,CA,America/Edmonton
65,09649 Havey Park,7109,Seres,Philippines,PH,
66,6 Cherokee Park,04005,Santa Apolonia,Guatemala,GT,America/Guatemala
67,,,Shanghu,China,CN,Asia/Shanghai
68,2549 Carioca Plaza,26109 CEDEX,Romans-sur-Isère,France,FR,
69,2953 Packers Point,,Xiaji,China,CN,Asia/Chongqing
70,5020 Hansons Lane,41020,Sevilla,Spain,ES,
71,0998 6th Court,,Cuchumbaya,Peru,PE,
72,58205 Carberry Point,59-920,Bogatynia,Poland,PL,Europe/Warsaw
73,382 Homewood Place,434 33,Kungsbacka,Sweden,SE,Europe/Stockholm
74,2870 Prentice Pass,,Hanjiaji,China,CN,Asia/Chongqing
75,72 Monica Street,,Georgīevka,Kazakhstan,KZ,
76,,,Donghu,China,CN,Asia/Shanghai
77,8173 Corben Alley,,Al Maḩfid,Yemen,YE,Asia/Aden
78,,,Ha’erlong,China,CN,Asia/Kashgar
79,05945 Lakeland Place,,Shaft,Iran,IR,Asia/Tehran
80,5986 Buell Center,,Huangjinbu,China,CN,Asia/Shanghai
81,,4795-549,São Tomé,Portugal,PT,
82,023 Morningstar Street,,Radenka,Serbia,RS,Europe/Belgrade
83,60486 Claremont Drive,37250-000,Nepomuceno,Brazil,BR,America/Sao_Paulo
84,7 Barnett Alley,,Pingtan,China,CN,Asia/Chongqing
85,8 Aberg Lane,,Fangjun,China,CN,Asia/Shanghai
86,0139 Dunning Circle,44950,Malax,Finland,FI,
87,2 Lunder Hill,23459,Virginia Beach,United States,US,America/New_York
88,31 Larry Pass,671 60,Arvika,Sweden,SE,Europe/Stockholm
89,70976 Hayes Place,,Baikouquan,China,CN,
90,62 School Circle,2662,Alejo Ledesma,Argentina,AR,America/Argentina/Cordoba
91,771 Pawling Terrace,,Krasnohrad,Ukraine,UA,Europe/Zaporozhye
92,,,Kolo,Indonesia,ID,Asia/Makassar
93,611 Lerdahl Point,,Fucheng,China,CN,
94,9 Amoth Place,905-1413,Hiji,Japan,JP,
95,39440 Declaration Center,,Buluh Kasap,Indonesia,ID,
96,,169511,Sosnogorsk,Russia,RU,Europe/Moscow
97,533 Waubesa Parkway,,Zhongying,China,CN,Asia/Chongqing
194,59066 Erie Place,,Tianxin,China,CN,
98,88 Kipling Pass,5664,Geldrop,Netherlands,NL,Europe/Amsterdam
99,4935 Brentwood Plaza,9405,President Roxas,Philippines,PH,Asia/Manila
100,24497 Swallow Street,142855,Meshcherino,Russia,RU,Europe/Moscow
101,97659 Larry Point,,Lebedinovka,Kyrgyzstan,KG,Asia/Bishkek
102,006 Boyd Junction,,Shardara,Kazakhstan,KZ,
103,78 Roxbury Crossing,,Jiangna,China,CN,
104,4308 Crowley Pass,136 63,Haninge,Sweden,SE,Europe/Stockholm
105,,,Turets-Bayary,Belarus,BY,Europe/Minsk
106,83 Donald Pass,665081,Kvitok,Russia,RU,Asia/Irkutsk
107,288 Paget Park,4211,Matingain,Philippines,PH,Asia/Manila
108,4637 Talisman Terrace,,Pomacocha,Peru,PE,
109,41306 Artisan Trail,346550,Ust’-Donetskiy,Russia,RU,Europe/Moscow
110,2 Jenna Plaza,95194 CEDEX,Goussainville,France,FR,Europe/Paris
111,13 Iowa Circle,,Shouxihu,China,CN,Asia/Shanghai
112,9 Gina Crossing,2815,Boliney,Philippines,PH,Asia/Manila
113,19 Nova Place,188950,Kamennogorsk,Russia,RU,Europe/Moscow
114,73 Bluestem Center,,Meiyao,China,CN,Asia/Harbin
115,,60204 CEDEX,Compiègne,France,FR,Europe/Paris
116,,78430-000,Nortelândia,Brazil,BR,America/Cuiaba
117,4975 Declaration Lane,347686,Krivyanskaya,Russia,RU,Europe/Moscow
118,963 Hoard Street,,Arbais,Indonesia,ID,Asia/Jayapura
119,328 Prairie Rose Avenue,,Al Qaţn,Yemen,YE,Asia/Aden
120,969 Maple Street,,Obesi,Indonesia,ID,Asia/Makassar
121,8652 Sunnyside Junction,94631 CEDEX 1,Rungis,France,FR,
122,447 Hayes Plaza,4515-465,Melres,Portugal,PT,Europe/Lisbon
123,,93950-000,Xique Xique,Brazil,BR,America/Bahia
124,3 Parkside Parkway,,Su’ao,China,CN,Asia/Shanghai
125,6124 Springs Pass,28800-000,Rio Bonito,Brazil,BR,
126,3 Glendale Court,L9S,Innisfil,Canada,CA,America/Toronto
127,96 Northland Point,,Kadugede,Indonesia,ID,Asia/Jakarta
128,5 Hoepker Place,,Koíla,Greece,GR,Europe/Athens
129,2 Little Fleur Point,,Pancan,Peru,PE,America/Lima
130,,,Sabaneta,Venezuela,VE,
131,669 Kingsford Avenue,24034,Roanoke,United States,US,America/New_York
132,2404 Sachs Point,,Zharkent,Kazakhstan,KZ,
133,,N7V,Sarnia,Canada,CA,
134,,,Huicungo,Peru,PE,America/Lima
135,125 Forest Dale Alley,,San José de Cusmapa,Nicaragua,NI,America/Managua
136,86733 Monterey Street,,Stari Lec,Serbia,RS,
137,7 Heath Circle,386250,Nesterovskaya,Russia,RU,Europe/Moscow
138,960 Lake View Place,18720-000,Paranapanema,Brazil,BR,
139,579 Dottie Alley,,Hwado,South Korea,KR,
140,82 Vahlen Park,735 35,Horní Suchá,Czech Republic,CZ,
141,97 5th Street,,Basen,Indonesia,ID,
142,81605 Esker Court,,Lanzhong,China,CN,Asia/Chongqing
143,,,Ağdaş,Azerbaijan,AZ,
144,,,Ma‘bar,Yemen,YE,Asia/Aden
145,,,Longmen,China,CN,Asia/Chongqing
146,7353 Golf View Road,2380-159,Gouxaria,Portugal,PT,Europe/Lisbon
147,,,Bulgan,Mongolia,MN,
148,,26-340,Drzewica,Poland,PL,Europe/Warsaw
149,9123 Scofield Alley,38000-000,Uberaba,Brazil,BR,America/Sao_Paulo
150,,,Syanno,Belarus,BY,Europe/Minsk
151,06606 Barnett Pass,452988,Starobaltachevo,Russia,RU,
152,14 Westerfield Plaza,62-230,Witkowo,Poland,PL,Europe/Warsaw
153,2147 Lukken Crossing,,Profítis Ilías,Greece,GR,Europe/Athens
154,82399 Brentwood Plaza,,Toshbuloq,Uzbekistan,UZ,Asia/Tashkent
155,7 Blaine Junction,,Taishang,China,CN,Asia/Harbin
156,5 Porter Avenue,,Gedongmulyo,Indonesia,ID,Asia/Jakarta
157,,,Kadipaten,Indonesia,ID,Asia/Jakarta
158,66 Ridge Oak Plaza,,Qiubin,China,CN,Asia/Shanghai
159,71 Arapahoe Lane,,Ampasimanolotra,Madagascar,MG,Indian/Antananarivo
160,91073 Myrtle Avenue,,Vasylkiv,Ukraine,UA,Europe/Kiev
161,41 Weeping Birch Alley,,Xingtai,China,CN,Asia/Shanghai
162,,,Nanlin,China,CN,Asia/Chongqing
163,,,Tsumeb,Namibia,NA,
164,8168 Algoma Court,,Boca de Uchire,Venezuela,VE,
165,4 Colorado Place,252219,Arbeláez,Colombia,CO,America/Bogota
166,,,Baidian,China,CN,Asia/Shanghai
167,7 Superior Avenue,,Palaiópyrgos,Greece,GR,
168,7105 Fieldstone Court,,Bayt Ūlā,Palestinian Territory,PS,
169,63565 Schlimgen Place,7400-014,Galveias,Portugal,PT,Europe/Lisbon
170,1 Carberry Road,,Kabare,Democratic Republic of the Congo,CD,Africa/Lubumbashi
171,11325 Corben Center,8950-023,Azinhal,Portugal,PT,
172,,37-750,Dubiecko,Poland,PL,
173,,44019 CEDEX 1,Nantes,France,FR,Europe/Paris
174,71 Maryland Hill,44150,Äänekoski,Finland,FI,Europe/Helsinki
175,2121 Elka Avenue,,Liulin,China,CN,Asia/Chongqing
176,1 Sage Pass,,Sekararum,Indonesia,ID,
177,87885 Elgar Drive,1950,Cardona,Philippines,PH,Asia/Manila
178,,7115,Liloy,Philippines,PH,Asia/Manila
179,83 1st Plaza,,Wulin,China,CN,
180,435 Delladonna Court,,Lypnyazhka,Ukraine,UA,Europe/Kiev
181,60 Dryden Parkway,682 33,Filipstad,Sweden,SE,
182,59057 Scofield Street,24004 CEDEX,Périgueux,France,FR,Europe/Paris
183,75 Columbus Drive,,Pakel,Indonesia,ID,
184,40 Coolidge Park,,Cigebrok,Indonesia,ID,
185,6 Boyd Way,20000-000,Rio de Janeiro,Brazil,BR,
186,95233 Morrow Circle,184389,Kola,Russia,RU,Europe/Moscow
187,63 Hudson Place,07139 CEDEX,Saint-Péray,France,FR,Europe/Paris
188,6491 Hauk Parkway,42-625,Ożarowice,Poland,PL,Europe/Warsaw
189,69517 Aberg Parkway,55908,Kuala Lumpur,Malaysia,MY,
190,0 Muir Junction,K67,Donabate,Ireland,IE,
191,,,Isoka,Zambia,ZM,Africa/Dar_es_Salaam
192,83159 Harbort Hill,6306,Valencia,Philippines,PH,
193,54915 Mariners Cove Terrace,,Chancay,Peru,PE,America/Lima
195,96 Raven Pass,,Xinjiezi,China,CN,Asia/Chongqing
196,2 4th Place,,Tongzi,China,CN,Asia/Chongqing
197,32 Gulseth Trail,,Tambir,Indonesia,ID,Asia/Jakarta
198,5 Center Park,SW1E,London,United Kingdom,GB,Europe/London
199,2 Vidon Drive,,Oof,Indonesia,ID,Asia/Makassar
200,957 Sauthoff Alley,4970-150,Igreja,Portugal,PT,Europe/Lisbon
201,,,Baidian,China,CN,Asia/Shanghai
202,4754 Jenifer Hill,,Jinrui,China,CN,
203,7559 Anniversary Place,,Laventure,Mauritius,MU,Indian/Mauritius
204,259 David Park,,Altıağac,Azerbaijan,AZ,Asia/Baku
205,3 Fordem Court,73750-000,Planaltina,Brazil,BR,America/Sao_Paulo
206,03 Morning Trail,,Soanierana Ivongo,Madagascar,MG,
207,20 Ronald Regan Avenue,,Youhao,China,CN,Asia/Harbin
208,,P4P,Timmins,Canada,CA,America/Toronto
209,1 Northridge Avenue,,Chuncheng,China,CN,Asia/Chongqing
210,7 Elgar Court,J6S,Les Cèdres,Canada,CA,America/Montreal
211,7 Anzinger Road,79260-000,Bela Vista,Brazil,BR,America/Campo_Grande
212,902 Helena Place,76600,Le Havre,France,FR,Europe/Paris
213,9866 Becker Road,,Garawati,Indonesia,ID,
214,83752 Manufacturers Trail,,Dongli,China,CN,Asia/Shanghai
215,,468 82,Vargön,Sweden,SE,Europe/Stockholm
216,62 Hoepker Crossing,,Guotan,China,CN,Asia/Chongqing
217,3 Anhalt Park,,Monguno,Nigeria,NG,
218,1592 Lukken Parkway,,Mulyo,Indonesia,ID,Asia/Jakarta
219,,,Majiao,China,CN,
220,8845 Rieder Court,46801,Petaling Jaya,Malaysia,MY,Asia/Kuala_Lumpur
221,27185 Calypso Road,810,Tvøroyri,Faroe Islands,FO,Atlantic/Faroe
222,,,Xishaqiao,China,CN,
223,035 Cambridge Circle,M3H,Willowdale,Canada,CA,America/Toronto
224,85795 Carberry Circle,15700-000,Jales,Brazil,BR,
225,,945-0812,Handa,Japan,JP,
226,0 Lighthouse Bay Terrace,,Cimongkor,Indonesia,ID,
227,2 Sugar Drive,,Lubukgadang,Indonesia,ID,Asia/Jakarta
228,10902 Bartillon Trail,,Bantarpanjang,Indonesia,ID,
229,86197 Surrey Pass,30250,Khon Buri,Thailand,TH,Asia/Bangkok
230,23 Pine View Hill,,Xiadahe,China,CN,
231,16802 Ronald Regan Road,,Lubukgadang,Indonesia,ID,Asia/Jakarta
232,840 Schlimgen Center,5941,Las Varas,Argentina,AR,
233,0081 Warrior Trail,815 92,Tierp,Sweden,SE,
234,83823 David Hill,29825 CEDEX 9,Brest,France,FR,
235,,,Laocheng,China,CN,
236,4 Johnson Crossing,84204 CEDEX,Carpentras,France,FR,Europe/Paris
237,6 Hauk Road,79004 CEDEX,Niort,France,FR,Europe/Paris
238,492 Hudson Pass,47307,Petaling Jaya,Malaysia,MY,Asia/Kuala_Lumpur
239,65 Huxley Alley,456 91,Kungshamn,Sweden,SE,
240,,,Zhanlong,China,CN,Asia/Shanghai
241,,75503,Melaka,Malaysia,MY,
242,3053 Vidon Hill,,Şaqānis,Tunisia,TN,Africa/Tunis
243,63 Derek Park,39170,Khon Kaen,Thailand,TH,Asia/Bangkok
244,6729 Hudson Alley,5280,Idrija,Slovenia,SI,Europe/Ljubljana
245,06235 Butternut Point,,Zhoujia,China,CN,Asia/Chongqing
246,279 Anhalt Parkway,,Mazha,China,CN,
247,,,Bhamo,Myanmar,MM,Asia/Rangoon
248,,,Darhan,Mongolia,MN,
249,6 Lotheville Plaza,,Malata,Indonesia,ID,Asia/Makassar
250,,,Ocongate,Peru,PE,
251,5361 Norway Maple Street,,Yaohua,China,CN,Asia/Shanghai
252,,,Al Minyā,Egypt,EG,
253,3 Spohn Way,,Xiacaoqiao,China,CN,
254,3509 Paget Court,,Al Ḩaffah,Syria,SY,Asia/Damascus
255,,,Koton Karifi,Nigeria,NG,Africa/Lagos
256,2759 Twin Pines Way,,Mandapajaya,Indonesia,ID,Asia/Jakarta
257,6309 Novick Court,55417,Minneapolis,United States,US,
258,00874 Goodland Junction,,Meikeng,China,CN,
259,405 Del Sol Avenue,06-456,Ojrzeń,Poland,PL,Europe/Warsaw
260,,,Ligang,China,CN,
261,7216 Westend Road,,Qobustan,Azerbaijan,AZ,
262,5967 Center Lane,,Lintingkou,China,CN,
263,,,Charikar,Afghanistan,AF,Asia/Kabul
264,,,Pyetrykaw,Belarus,BY,
265,83 Forest Street,5030-566,Ribeiro,Portugal,PT,Europe/Lisbon
266,6 Moose Place,698 01,Veselí nad Moravou,Czech Republic,CZ,
267,,,Wengtian,China,CN,Asia/Chongqing
268,202 Eggendart Circle,,Hushaat,Mongolia,MN,Asia/Ulaanbaatar
269,80 Sherman Park,,Huaraz,Peru,PE,America/Lima
270,75530 Sachs Terrace,,Cipesing,Indonesia,ID,
271,46760 Alpine Drive,,San Miguel,Paraguay,PY,America/Asuncion
272,8 Talisman Parkway,92320,Siikajoki,Finland,FI,Europe/Helsinki
273,,6419,San Vicente,Philippines,PH,Asia/Manila
274,4252 Dexter Crossing,,Benger,Indonesia,ID,Asia/Jakarta
275,4972 Mariners Cove Pass,415 22,Göteborg,Sweden,SE,Europe/Stockholm
276,7 Burning Wood Crossing,35620-000,Abaeté,Brazil,BR,America/Sao_Paulo
277,,,Banjar Banyualit,Indonesia,ID,Asia/Jakarta
278,19 Gateway Court,,Ziguinchor,Senegal,SN,
279,470 Prairie Rose Point,,Donggu,China,CN,Asia/Shanghai
280,04 Rigney Road,,Jatirejo,Indonesia,ID,Asia/Jakarta
281,0339 Duke Court,543 35,Tibro,Sweden,SE,Europe/Stockholm
282,6877 Longview Court,,Baiyan,China,CN,Asia/Chongqing
283,30872 Esker Pass,,Zhangjiagang,China,CN,Asia/Shanghai
284,8655 Springs Junction,,Hotonj,Bosnia and Herzegovina,BA,Europe/Sarajevo
285,,81803,Lazaro Cardenas,Mexico,MX,
286,11 Harper Street,203-0044,Tanashichō,Japan,JP,Asia/Tokyo
287,12 Bowman Drive,6300,Tagbilaran City,Philippines,PH,Asia/Manila
288,62 Moulton Alley,,Sidomulyo,Indonesia,ID,
289,07 Carioca Pass,,Quận Tân Phú,Vietnam,VN,Asia/Ho_Chi_Minh
290,9 Hooker Pass,4835-541,Gondar,Portugal,PT,
291,68753 Oriole Park,,Mozi,China,CN,Asia/Chongqing
292,,052857,Cruces de Anorí,Colombia,CO,America/Bogota
293,5 4th Plaza,,Huangcai,China,CN,Asia/Chongqing
294,226 Northridge Way,,Balatun,Bosnia and Herzegovina,BA,
295,,55188,Saint Paul,United States,US,America/Chicago
296,,234518,Tierralta,Colombia,CO,America/Bogota
297,06764 Prairieview Parkway,,Watunggong,Indonesia,ID,Asia/Makassar
298,7733 7th Pass,,Longhe,China,CN,
299,76512 Johnson Park,,Welibo,Indonesia,ID,
300,62551 Packers Junction,,Luanda,Angola,AO,Africa/Luanda
301,2 Leroy Plaza,,Tuanchengshan,China,CN,Asia/Shanghai
302,67 Florence Drive,5870,Villa Dolores,Argentina,AR,America/Argentina/Cordoba
303,19909 Gerald Point,92404 CEDEX,Courbevoie,France,FR,Europe/Paris
304,37 La Follette Parkway,26209 CEDEX,Montélimar,France,FR,
305,448 Anthes Parkway,57155,Marly,France,FR,Europe/Paris
306,,,Gandzak,Armenia,AM,
307,01 Maple Road,,Timezgana,Morocco,MA,
308,388 Farragut Drive,,Yanjiang,China,CN,Asia/Shanghai
309,10 Sunnyside Street,,Aranos,Namibia,NA,
310,3729 Doe Crossing Center,,Dehui,China,CN,Asia/Harbin
311,90 Fuller Terrace,353810,Donetsk,Russia,RU,
312,957 Almo Center,,Batukuta,Indonesia,ID,Asia/Makassar
313,7688 Blaine Pass,591 94,Motala,Sweden,SE,Europe/Stockholm
314,,G6T,Victoriaville,Canada,CA,America/Montreal
315,461 Petterle Parkway,473-0938,Anjō,Japan,JP,Asia/Tokyo
316,23 Old Gate Park,446870,Yelkhovka,Russia,RU,Europe/Samara
317,,,Cizhu,China,CN,
318,956 Division Crossing,,Liulin,China,CN,Asia/Chongqing
319,,,Gelin,China,CN,Asia/Chongqing
320,,,Gajrug,Indonesia,ID,Asia/Jakarta
321,01 Holy Cross Lane,7005,Manika,Philippines,PH,Asia/Manila
322,843 Farragut Parkway,P75,Kiltamagh,Ireland,IE,Europe/Dublin
323,07 Continental Way,83-240,Lubichowo,Poland,PL,Europe/Warsaw
324,0896 Meadow Ridge Alley,692089,Kirovskiy,Russia,RU,
325,5400 Brickson Park Street,,Putang,China,CN,Asia/Shanghai
326,,,Nglengkir,Indonesia,ID,Asia/Jakarta
327,,89600-000,Joaçaba,Brazil,BR,America/Sao_Paulo
328,9809 Buhler Way,,Melíssi,Greece,GR,
329,6 Havey Lane,,Jianguang,China,CN,Asia/Shanghai
330,3220 Elmside Pass,67029 CEDEX 1,Strasbourg,France,FR,Europe/Paris
331,9 Emmet Point,361336,Nartkala,Russia,RU,Europe/Moscow
332,42 Magdeline Alley,,Zalantun,China,CN,
333,,26109 CEDEX,Romans-sur-Isère,France,FR,Europe/Paris
334,30922 Cody Center,,Gangmei,China,CN,Asia/Chongqing
335,2 Graceland Crossing,,Beolgyo,South Korea,KR,Asia/Seoul
336,8546 Lindbergh Parkway,,Kulia Village,Tuvalu,TV,
337,,68610-000,Augusto Corrêa,Brazil,BR,America/Santarem
338,27 John Wall Place,53093,Kulautuva,Lithuania,LT,Europe/Vilnius
339,,,Tatebal,Indonesia,ID,
340,63445 Spaight Park,452040,Bizhbulyak,Russia,RU,
341,71 Loftsgordon Hill,,Paojan,Indonesia,ID,Asia/Jakarta
342,292 Mallard Lane,439 23,Lenešice,Czech Republic,CZ,
343,,172460,Zharkovskiy,Russia,RU,
344,28 Emmet Center,89500-000,Caçador,Brazil,BR,
345,10736 Huxley Terrace,673613,Vershino-Shakhtaminskiy,Russia,RU,
346,210 Del Mar Parkway,771 31,Ludvika,Sweden,SE,
347,93 Delladonna Circle,,Huayuan,China,CN,
348,,,Angkup,Indonesia,ID,
349,977 Calypso Parkway,4824,Borino,Bulgaria,BG,
551,,,Thị Trấn Lâm,Vietnam,VN,
552,91 Hollow Ridge Plaza,,Wenlin,China,CN,Asia/Chongqing
553,9 Westerfield Place,,Hŭngju-dong,North Korea,KP,Asia/Pyongyang
554,8 Bunting Center,,Yongchuan,China,CN,Asia/Chongqing
555,6738 Moland Point,901-1401,Ibara,Japan,JP,Asia/Tokyo
556,,7000,Zamboanga,Philippines,PH,Asia/Manila
557,62 Eagle Crest Court,309-1127,Shimodate,Japan,JP,Asia/Tokyo
558,04063 Luster Parkway,,Kapchorwa,Uganda,UG,
559,5 Corry Junction,,Beishan,China,CN,
560,,,San Isidro,Peru,PE,America/Lima
561,0 Magdeline Place,44600-000,Ipirá,Brazil,BR,America/Bahia
562,90 Arrowood Terrace,4480-493,Touguinha,Portugal,PT,Europe/Lisbon
563,3 Melby Hill,,Xinbu,China,CN,Asia/Shanghai
564,21539 Prairieview Lane,5613,Maloco,Philippines,PH,Asia/Manila
565,692 Trailsway Place,,Visoko,Bosnia and Herzegovina,BA,Europe/Sarajevo
566,099 Sutherland Park,,Baroh,Indonesia,ID,Asia/Makassar
567,894 Carioca Street,,Bayt ‘Anān,Palestinian Territory,PS,
568,755 Carberry Alley,175260,Poddor’ye,Russia,RU,Europe/Moscow
569,,,Bakıxanov,Azerbaijan,AZ,Asia/Baku
570,3 Crowley Park,07-440,Goworowo,Poland,PL,
571,,06000-000,Osasco,Brazil,BR,America/Sao_Paulo
572,5293 Cordelia Court,,Duyure,Honduras,HN,
573,,692769,Primorskiy,Russia,RU,
574,,8301,San Miguel,Philippines,PH,Asia/Manila
575,13 Pine View Parkway,,Tiout,Morocco,MA,Africa/Casablanca
576,8 Everett Road,61825,Champaign,United States,US,America/Chicago
577,7 Jana Center,4760-743,Vilarinho das Cambas,Portugal,PT,Europe/Lisbon
578,72 Superior Center,,Jeponkrajan,Indonesia,ID,
579,9636 Fair Oaks Street,10160,Non Narai,Thailand,TH,Asia/Bangkok
580,9848 Trailsway Terrace,3940,Mtubatuba,South Africa,ZA,Africa/Johannesburg
581,,,Ash Sharyah,Yemen,YE,Asia/Aden
582,9 Iowa Road,76130,Tha Yang,Thailand,TH,Asia/Bangkok
583,0678 John Wall Parkway,3550-053,Vales,Portugal,PT,Europe/Lisbon
584,90446 Loeprich Road,,Marvdasht,Iran,IR,
585,,91821 CEDEX,Longjumeau,France,FR,
586,95 Red Cloud Hill,59001,Prienai,Lithuania,LT,Europe/Vilnius
587,90295 Superior Alley,,Horad Pinsk,Belarus,BY,Europe/Minsk
588,,,Orzu,Tajikistan,TJ,Asia/Dushanbe
589,330 Weeping Birch Place,623641,Troitskiy,Russia,RU,Asia/Yekaterinburg
590,77 Londonderry Hill,,Timba Lauk,Indonesia,ID,Asia/Makassar
591,329 Blaine Crossing,,Aţ Ţawāḩīn,Syria,SY,Asia/Damascus
592,861 Springview Circle,,Keratéa,Greece,GR,Europe/Athens
593,,,Haljala,Estonia,EE,
594,5 Heath Lane,,Mizque,Bolivia,BO,
595,48 Dovetail Street,80141,Napoli,Italy,IT,Europe/Rome
596,3 Towne Terrace,,Kamyanyuki,Belarus,BY,Europe/Warsaw
597,75332 Northwestern Place,85246,Chandler,United States,US,America/Phoenix
598,424 Hallows Court,,Rejasa Kaja,Indonesia,ID,Asia/Makassar
599,4386 Schiller Alley,,Cisaro,Indonesia,ID,Asia/Jakarta
600,29032 Oneill Court,,Mashui,China,CN,
750,9 Vahlen Plaza,77045,Houston,United States,US,America/Chicago
751,9 Ohio Avenue,,Panghadangan,Indonesia,ID,
752,67307 8th Plaza,056838,Urrao,Colombia,CO,
753,,4324,Bayuin,Philippines,PH,Asia/Manila
754,,,Baih,Indonesia,ID,Asia/Jakarta
755,193 Westridge Drive,,Annan,China,CN,Asia/Shanghai
756,34 Ramsey Court,,Konde,Tanzania,TZ,Africa/Dar_es_Salaam
757,0 Mockingbird Street,468 49,Kořenov,Czech Republic,CZ,Europe/Prague
758,59 Old Gate Parkway,360 01,Karlovy Vary,Czech Republic,CZ,Europe/Prague
759,850 Debs Plaza,64-710,Połajewo,Poland,PL,Europe/Warsaw
760,95 Judy Plaza,4808,Arendal,Norway,NO,
761,87 Caliangt Terrace,403 27,Proboštov,Czech Republic,CZ,
762,,19900-000,Ourinhos,Brazil,BR,America/Sao_Paulo
763,,,Tomakivka,Ukraine,UA,
764,0 4th Alley,,Huaguoshan,China,CN,Asia/Shanghai
765,825 Randy Trail,,Nubma,China,CN,Asia/Urumqi
766,4463 Lindbergh Terrace,142817,Novyye Cherëmushki,Russia,RU,Europe/Moscow
767,09540 Miller Circle,,Rengo,Chile,CL,America/Santiago
768,,,Bungkulan,Indonesia,ID,Asia/Makassar
769,504 Bellgrove Center,,Tangtuzhui,China,CN,
770,988 Eliot Lane,,Podu,China,CN,Asia/Chongqing
771,,8180,Puan,Argentina,AR,America/Argentina/Buenos_Aires
772,,10135,Concepción de La Vega,Dominican Republic,DO,America/Santo_Domingo
773,,93610,Revolucion,Mexico,MX,America/Mexico_City
774,468 Pearson Junction,8301,San Miguel,Philippines,PH,
775,7805 Bowman Parkway,92709 CEDEX,Colombes,France,FR,Europe/Paris
776,4240 Nevada Park,16-010,Wasilków,Poland,PL,Europe/Warsaw
777,998 Northfield Trail,,Huibu,China,CN,Asia/Shanghai
778,5 Bartelt Park,,Adir,Jordan,JO,Asia/Amman
779,40159 Clemons Point,,Jiangnan,China,CN,Asia/Shanghai
780,,3322,Baquero Norte,Philippines,PH,Asia/Manila
781,2944 Meadow Ridge Pass,,Chimboy Shahri,Uzbekistan,UZ,
782,23787 Northridge Park,85900-000,Toledo,Brazil,BR,America/Sao_Paulo
783,50 Bowman Alley,3405-605,Vila Franca da Beira,Portugal,PT,Europe/Lisbon
784,07 Muir Park,40977,Lazaro Cardenas,Mexico,MX,
785,,L3R,Martensville,Canada,CA,
786,07 Veith Park,,Zhangbang,China,CN,Asia/Shanghai
787,61 Kingsford Circle,,Sembalunbumbung,Indonesia,ID,
788,,98104,Seattle,United States,US,America/Los_Angeles
789,,78975-000,Cacoal,Brazil,BR,America/Porto_Velho
790,3 3rd Plaza,,Jatisari,Indonesia,ID,
791,3353 Florence Avenue,,Shahre Jadide Andisheh,Iran,IR,Asia/Tehran
792,0107 Fisk Place,8603,Pindangan Centro,Philippines,PH,Asia/Manila
793,22427 Westend Drive,,Ramaram,Indonesia,ID,Asia/Jakarta
794,9 Browning Court,400 29,Göteborg,Sweden,SE,Europe/Stockholm
795,87590 Loftsgordon Alley,,San José,Honduras,HN,America/Tegucigalpa
796,40 Oneill Hill,,Koror,Palau,PW,Pacific/Palau
797,,03620,Karkkila,Finland,FI,Europe/Helsinki
798,1 Armistice Street,44570-000,Santo Antônio de Jesus,Brazil,BR,
799,,,Wenwusha,China,CN,
800,48711 Anderson Parkway,999-7638,Fujioka,Japan,JP,
801,3652 Hooker Alley,,Busia,Kenya,KE,Africa/Kampala
802,7893 Sachtjen Pass,,Guanli,China,CN,
803,341 Northwestern Way,6304,Lila,Philippines,PH,Asia/Manila
804,508 Calypso Alley,,Quvasoy,Uzbekistan,UZ,Asia/Tashkent
805,616 Armistice Junction,25071 CEDEX 9,Besançon,France,FR,Europe/Paris
806,,,Sembalunbumbung,Indonesia,ID,
807,0 Vahlen Street,301320,Venëv,Russia,RU,
808,94 Lotheville Hill,,Sidenreng,Indonesia,ID,
809,50628 Talisman Junction,,Yiánnouli,Greece,GR,Europe/Athens
810,393 Del Mar Lane,,Livadiya,Ukraine,UA,
811,434 Claremont Avenue,352144,Dmitriyevskaya,Russia,RU,Europe/Moscow
812,49296 Acker Way,,Plyeshchanitsy,Belarus,BY,
813,949 Lukken Center,62300-000,Viçosa do Ceará,Brazil,BR,America/Fortaleza
814,15600 Mariners Cove Alley,55330-000,Bom Conselho,Brazil,BR,America/Recife
815,5 Sycamore Plaza,412 20,Göteborg,Sweden,SE,Europe/Stockholm
816,,676150,Tygda,Russia,RU,
817,76 Mccormick Lane,,Karangpawitan,Indonesia,ID,Asia/Jakarta
818,,,Pakxé,Laos,LA,Asia/Vientiane
819,1 Carberry Drive,4750-549,Manhete,Portugal,PT,Europe/Lisbon
820,,6696,Williston,South Africa,ZA,Africa/Johannesburg
821,599 Village Green Pass,,Tiztoutine,Morocco,MA,Africa/Casablanca
822,26862 Hoffman Junction,,Bailuquan,China,CN,Asia/Shanghai
823,738 East Lane,747 30,Alunda,Sweden,SE,Europe/Stockholm
824,42182 Talmadge Place,2419,Patayac,Philippines,PH,Asia/Manila
825,090 Burrows Alley,78840-000,Campo Verde,Brazil,BR,
826,6 Maryland Street,44485,Warren,United States,US,America/New_York
827,76577 Northland Trail,87200-000,Cianorte,Brazil,BR,America/Sao_Paulo
828,825 Marcy Alley,,Mori,China,CN,
829,,,Sebeta,Ethiopia,ET,Africa/Addis_Ababa
830,7914 Browning Park,,Krajan Gajahmati,Indonesia,ID,Asia/Jakarta
831,452 Cascade Center,,Lücheng,China,CN,Asia/Shanghai
832,861 Ridge Oak Park,588 62,Telč,Czech Republic,CZ,
833,14156 Linden Alley,,Taocun,China,CN,Asia/Shanghai
834,4 Lerdahl Lane,3523,Allacapan,Philippines,PH,Asia/Manila
835,64344 Tennessee Avenue,38-420,Korczyna,Poland,PL,
836,,,Shichuan,China,CN,Asia/Shanghai
837,,,Luokeng,China,CN,
838,2 Stuart Point,0782,Waitakere,New Zealand,NZ,Pacific/Auckland
839,8 Jana Alley,,Ingenio,Peru,PE,America/Lima
840,5484 Hovde Junction,3550,Vera,Argentina,AR,
841,31 Kings Pass,4620-620,Quintães,Portugal,PT,Europe/Lisbon
842,8368 Hagan Park,678181,Almaznyy,Russia,RU,Asia/Yakutsk
843,09491 Hanson Alley,,Duut,Mongolia,MN,
844,,38-114,Niebylec,Poland,PL,Europe/Warsaw
845,07 Dixon Road,7113,Guijalo,Philippines,PH,Asia/Manila
846,,,Dadiharja,Indonesia,ID,Asia/Jakarta
847,2849 Marcy Terrace,,An Châu,Vietnam,VN,Asia/Ho_Chi_Minh
848,3075 Nobel Avenue,20420,Washington,United States,US,America/New_York
849,2583 Glacier Hill Street,2512,Dagup,Philippines,PH,Asia/Manila
850,6643 Transport Road,,Partikan,Indonesia,ID,
851,60963 Eastwood Court,31150,Srinagarindra,Thailand,TH,Asia/Bangkok
852,,69-101,Słubice,Poland,PL,Europe/Warsaw
853,612 Farragut Lane,,Tawali,Indonesia,ID,
854,,4500,Cotmon,Philippines,PH,Asia/Manila
855,2072 Tomscot Point,38840-000,Carmo do Paranaíba,Brazil,BR,America/Sao_Paulo
856,006 Waywood Avenue,,Snizhne,Ukraine,UA,Europe/Zaporozhye
857,686 Tomscot Center,,Nanmuping,China,CN,
858,1 Swallow Lane,74-400,Dębno,Poland,PL,Europe/Warsaw
859,6458 Fremont Parkway,,Iwŏn-ŭp,North Korea,KP,Asia/Pyongyang
860,3 Schlimgen Center,271 01,Nové Strašecí,Czech Republic,CZ,Europe/Prague
861,,,Dehui,China,CN,Asia/Harbin
862,15533 Bunting Court,,Banghai,China,CN,Asia/Shanghai
863,6 Cherokee Place,,San Lorenzo de Esmeraldas,Ecuador,EC,
864,2 Bellgrove Drive,961 73,Boden,Sweden,SE,Europe/Stockholm
865,5286 8th Road,3503,Carig,Philippines,PH,
866,7873 Stuart Drive,,Zhuhong,China,CN,Asia/Shanghai
867,,,Buynichy,Belarus,BY,Europe/Minsk
868,9587 Bellgrove Center,3652,Himeville,South Africa,ZA,
869,08 Basil Alley,895-2635,Ōkuchi,Japan,JP,
870,,,Xushuguan,China,CN,Asia/Shanghai
871,3 Eliot Trail,,Lyasny,Belarus,BY,
872,6 Myrtle Road,,Gonghe,China,CN,
873,1771 Colorado Avenue,,Isiro,Democratic Republic of the Congo,CD,Africa/Lubumbashi
874,915 Kim Parkway,,Yanglinshi,China,CN,Asia/Chongqing
875,,,Dapchi,Nigeria,NG,Africa/Lagos
876,2 Washington Plaza,,Munde,Indonesia,ID,Asia/Makassar
877,72599 Artisan Pass,,Raoyang,China,CN,
878,61 Summerview Way,96818,Emiliano Zapata,Mexico,MX,America/Mexico_City
879,5 Blackbird Point,671610,Barguzin,Russia,RU,Asia/Irkutsk
880,,N3Y,Digby,Canada,CA,America/Moncton
881,87 Debra Trail,,Divichibazar,Azerbaijan,AZ,
882,9281 Tony Terrace,5963,Villa del Rosario,Argentina,AR,America/Argentina/Cordoba
883,,,Huallanca,Peru,PE,
884,297 Truax Court,J5K,Mirabel,Canada,CA,America/Montreal
885,0 Lawn Lane,,Baojiadian,China,CN,Asia/Urumqi
886,,9201,Boroon,Philippines,PH,
887,,,Youlongchuan,China,CN,
888,6690 Talmadge Place,,Sa’erhusong,China,CN,Asia/Urumqi
889,1 Little Fleur Trail,,Banxi,China,CN,Asia/Chongqing
890,53 Dixon Crossing,,Qibu,China,CN,Asia/Shanghai
891,,,Kudang,Indonesia,ID,Asia/Jakarta
892,14786 Southridge Hill,,Popovi,Bosnia and Herzegovina,BA,Europe/Sarajevo
893,152 Waywood Plaza,,Ekibastuz,Kazakhstan,KZ,Asia/Almaty
894,97482 Jackson Alley,356235,Stavropol’,Russia,RU,
895,46436 Ridge Oak Avenue,7600,Burnham,New Zealand,NZ,
896,1936 Anzinger Road,3904,Sabtang,Philippines,PH,Asia/Manila
897,62 Basil Circle,662680,Idrinskoye,Russia,RU,
898,04 Oak Valley Drive,35069,Ejidal,Mexico,MX,America/Monterrey
899,00797 Hermina Way,T1C,Medicine Hat,Canada,CA,America/Edmonton
900,7686 Ridgeview Way,,Nanping,China,CN,
901,350 7th Street,,Gazanjyk,Turkmenistan,TM,Asia/Ashgabat
902,6413 Hayes Pass,,Tonosí,Panama,PA,America/Panama
903,,98351,Francisco I Madero,Mexico,MX,America/Mexico_City
904,22 Myrtle Way,,Telangi Satu,Indonesia,ID,
905,43 Division Lane,3731,Nowlamary,Bangladesh,BD,Asia/Dhaka
906,,4815-019,Conde,Portugal,PT,Europe/Lisbon
907,87396 Columbus Hill,,Letsheng,Botswana,BW,Africa/Gaborone
908,167 Welch Terrace,78215,San Antonio,United States,US,America/Chicago
909,0174 Heath Drive,,Luoshanchuan,China,CN,Asia/Chongqing
910,827 Gulseth Drive,,Tanda,Egypt,EG,
911,,6503,Taluksangay,Philippines,PH,Asia/Manila
912,57091 Sunbrook Junction,L-8711,Boevange-sur-Attert,Luxembourg,LU,Europe/Luxembourg
913,579 Bartillon Court,11750-000,Peruíbe,Brazil,BR,America/Sao_Paulo
914,43180 Pennsylvania Lane,468 44,Josefův Důl,Czech Republic,CZ,Europe/Prague
915,,,Biankouma,Ivory Coast,CI,
916,70 Spenser Pass,153007,Chivor,Colombia,CO,
917,3334 Lukken Way,1312,Dhaka,Bangladesh,BD,Asia/Dhaka
918,2 Bonner Parkway,,Sâmraông,Cambodia,KH,
919,,,Battambang,Cambodia,KH,Asia/Phnom_Penh
920,228 Sunfield Hill,167907,Sedkyrkeshch,Russia,RU,Europe/Moscow
921,,,Beiquan,China,CN,Asia/Urumqi
922,044 Corben Park,,Damasak,Nigeria,NG,Africa/Niamey
923,,,Shangganshan,China,CN,Asia/Shanghai
924,,98000,Fontvieille,Monaco,MC,Europe/Monaco
925,2 Springs Point,4625-608,Montinho,Portugal,PT,Europe/Lisbon
926,971 Hudson Parkway,445550,Obsharovka,Russia,RU,Europe/Samara
927,62 Stoughton Point,735 32,Rychvald,Czech Republic,CZ,
928,058 Caliangt Lane,3313,Jandayan,Philippines,PH,
929,9081 Nevada Place,,Mankono,Ivory Coast,CI,Africa/Abidjan
930,9499 Russell Plaza,,Bafang,Cameroon,CM,Africa/Douala
931,47751 Center Hill,,Farasān,Saudi Arabia,SA,Asia/Riyadh
932,,,Pemzashen,Armenia,AM,Asia/Yerevan
933,2266 Debra Point,,Winduraja,Indonesia,ID,Asia/Jakarta
934,6344 Prairieview Circle,,Eṭ Ṭaiyiba,Israel,IL,
935,,,Sakassou,Ivory Coast,CI,Africa/Abidjan
936,69 Parkside Street,,Tres Unidos,Peru,PE,
937,0993 Arizona Crossing,289-1343,Tōgane,Japan,JP,Asia/Tokyo
938,1229 Eggendart Alley,,Longjiang,China,CN,
939,89532 Duke Crossing,,Salegading,Indonesia,ID,
940,9646 Graceland Point,25057 CEDEX,Besançon,France,FR,Europe/Paris
941,1290 South Point,,Banjar Danginsema,Indonesia,ID,Asia/Makassar
942,22719 Bowman Point,83-260,Kaliska,Poland,PL,Europe/Warsaw
943,44 Fremont Lane,,Shepetivka,Ukraine,UA,Europe/Kiev
944,4 Marcy Street,,Sijunjung,Indonesia,ID,Asia/Jakarta
945,,,Xujiafang,China,CN,Asia/Chongqing
946,3470 Lunder Way,18400-000,Itapeva,Brazil,BR,America/Sao_Paulo
947,71302 Rockefeller Parkway,66031,Pīr jo Goth,Pakistan,PK,Asia/Karachi
948,78 Towne Road,,Mananara,Madagascar,MG,Indian/Antananarivo
949,,5719,Santo Tomé,Argentina,AR,America/Argentina/Cordoba
950,390 Eastwood Hill,,Cipari,Indonesia,ID,
951,16 Duke Hill,,Wufu,China,CN,Asia/Chongqing
952,9551 Thierer Road,,Motupe,Peru,PE,America/Lima
953,1 International Pass,9640,Lebowakgomo,South Africa,ZA,Africa/Johannesburg
954,95 Park Meadow Way,,Liushun,China,CN,
955,0478 Ronald Regan Road,,Cibojong,Indonesia,ID,Asia/Jakarta
956,5 Straubel Road,,Sufang,China,CN,
957,86 Rusk Terrace,,Sankui,China,CN,Asia/Shanghai
958,870 Porter Hill,,Zlynka,Ukraine,UA,
959,,4903,Torrijos,Philippines,PH,
960,3 American Ash Center,,Klishkivtsi,Ukraine,UA,
961,6 Canary Park,,Zaliznychne,Ukraine,UA,
962,41 Orin Place,,Shalqīya,Kazakhstan,KZ,Asia/Qyzylorda
963,0654 Eastwood Terrace,58501,Punkaharju,Finland,FI,Europe/Helsinki
964,,T34,Piltown,Ireland,IE,
965,9817 Stephen Point,,Suizhong,China,CN,Asia/Harbin
966,0015 Prairieview Alley,93900-000,Ivoti,Brazil,BR,America/Sao_Paulo
967,4550 Kingsford Pass,78-650,Mirosławiec,Poland,PL,Europe/Warsaw
968,35430 Sage Way,5840,Sherpur,Bangladesh,BD,Asia/Dhaka
969,2 Fairfield Lane,,Garoua,Cameroon,CM,Africa/Douala
970,5304 Bluejay Trail,238411,Zheleznodorozhnyy,Russia,RU,
971,823 Banding Junction,,Sabon Gari-Nangere,Nigeria,NG,Africa/Lagos
972,6402 Independence Drive,,Abū Ghaush,Israel,IL,
973,,,Belovodskoye,Kyrgyzstan,KG,Asia/Bishkek
974,500 Carioca Drive,,Sokolo,Mali,ML,Africa/Bamako
975,1174 Hansons Avenue,,Shimen,China,CN,Asia/Chongqing
976,,0550,Rimpeso,Philippines,PH,
977,04 Bobwhite Pass,63000-000,Juazeiro do Norte,Brazil,BR,America/Fortaleza
978,4057 Mcbride Terrace,,Laagri,Estonia,EE,Europe/Tallinn
979,5882 Tennessee Court,,Mustvee,Estonia,EE,Europe/Tallinn
980,4010 Thackeray Crossing,,Colón,Panama,PA,America/Panama
981,,,Fengcheng,China,CN,Asia/Chongqing
982,92047 Fulton Crossing,20003,San Juan Ermita,Guatemala,GT,
983,9058 Messerschmidt Crossing,37995,Knoxville,United States,US,America/New_York
984,6 Talmadge Parkway,,Tuohua,China,CN,Asia/Chongqing
985,7753 Steensland Crossing,3800-596,Sarrazola,Portugal,PT,Europe/Lisbon
986,,,Yushu,China,CN,Asia/Harbin
987,959 Elgar Place,,Xijiadian,China,CN,Asia/Chongqing
988,182 Brentwood Hill,,Hengshui,China,CN,
989,,2635-034,Rio de Mouro,Portugal,PT,
990,,1876,Frederiksberg,Denmark,DK,Europe/Copenhagen
991,5 Katie Circle,8138,Clanwilliam,South Africa,ZA,Africa/Johannesburg
992,7 Jenifer Hill,307156,Zheleznogorsk,Russia,RU,Europe/Moscow
993,01501 Monterey Junction,,Melfi,Chad,TD,
994,15920 International Hill,72-321,Trzebiatów,Poland,PL,Europe/Warsaw
995,,,Xiaochuan,China,CN,Asia/Shanghai
996,9 Mallory Circle,7300-006,Portalegre,Portugal,PT,Europe/Lisbon
997,,16146,Genova,Italy,IT,
998,413 Petterle Avenue,D11,Glasnevin,Ireland,IE,Europe/Dublin
999,6263 Cherokee Avenue,1114,Salvacion,Philippines,PH,
1000,718 Comanche Court,446521,Koltubanovskiy,Russia,RU,Asia/Yekaterinburg
