1,1574066226,Cammy,Kassie,Quarmby,,32
2,1996240641,Oliver,,Bartosiak,Male,
3,7479174896,Katerine,Jillie,Edmett,Male,51
4,1111678111,Karleen,,Ciccarello,Male,
5,9092996017,Nathanael,,Pocock,,
6,2921980681,Levey,,Bergeon,Female,
7,4774972061,Anne-corinne,Theressa,Whymark,,36
8,1430680318,Antonia,,Batalle,Female,47
9,7064435349,Clayton,Flin,Curl,Female,44
11,6348201260,Palmer,Frank,Mounch,Female,23
12,8337910666,Erina,,Shottin,Male,44
13,1974211509,Honor,,Dibben,Female,77
14,8357073751,Brett,,Pepin,Female,37
15,3980718212,Leoine,,Latour,Male,54
16,1085515915,Edee,Halley,Arrowsmith,,57
17,4816447482,Nehemiah,Morganne,Kendal,Male,68
18,2348730065,Ricky,,Packer,,52
19,3832915532,Archibold,Judon,Keeri,Female,
20,3279516412,Alec,,Freezer,Female,76
21,9542562721,Lawrence,,Imore,Female,
22,3438611090,Ardisj,Katee,Johannesson,Female,18
23,6318258558,Carlo,,Birkby,Male,48
24,2986185363,Gussie,,Anstee,Male,37
25,4201472175,Hilda,,Reis,Male,
26,1845941004,Kaleena,,Bramstom,Female,74
27,7298981048,Jania,Betta,Arntzen,Female,52
28,8698244823,Ansell,,Lathe,Female,80
29,1666841153,Thurston,,Sloegrave,,72
30,9847950431,Georgy,Ermengarde,Dongall,Male,
31,3443937675,Marijo,Duke,Easterbrook,Male,36
32,2205500945,Zebadiah,Ivor,Flippini,Male,
33,6244532554,Corena,,Morsley,,
34,5625997160,Bentley,,Waterfall,Male,24
35,1439056889,Samson,,Esson,,
36,9011352963,Milton,,Vallance,Male,
37,8857869083,Filippo,,Brabbins,Male,77
38,6935827450,Stacy,Aleta,Struan,Female,
39,8425775183,Ring,Lainey,Yter,Female,29
40,0694147974,Goldia,,Ismead,,18
41,9998094801,Mathilde,,Whardley,Male,
42,7590410624,Fiorenze,,Hoffman,Male,68
43,6007088456,Donni,Fairlie,Giblett,Male,68
44,4671805200,Jordanna,Boot,McCumskay,Male,32
45,5700753642,Wald,Parke,Dotterill,Male,58
46,8024936356,Mischa,,Diloway,Female,19
47,5155058740,Horton,Shellie,Haill,Male,
48,4252298970,Morganne,Nev,Bartolommeo,Male,22
49,0484454811,Debi,Cele,Tilburn,Male,
251,1013749219,Alayne,Ulrica,De Bruijn,Male,
252,1113561173,Jamil,Britney,McEvilly,Female,27
253,2991687401,Jodie,,Commings,Female,
254,7402956784,Sherwood,,Sowerbutts,,25
255,7634079375,Yovonnda,Susanetta,Burndred,Female,83
256,8514054694,Christin,Denys,Farleigh,Female,
257,7816842511,Nicko,,Bunnell,Male,70
258,2909525457,Hattie,,Moncreiff,Female,43
259,1325121061,Francis,,Winterburn,Male,84
260,6050872686,Armstrong,,Garms,Male,29
261,6538368816,Kliment,Dorella,Ashment,Male,
262,5422919661,Goldi,,Owttrim,Female,
263,8895142756,Jami,,Poynton,Female,63
264,0788412388,Aurore,Garv,Penwright,Male,
265,2070984818,Raquela,Jackson,Kike,Male,18
266,7048927607,Matty,,Ruselin,Male,
267,4238840720,Nealon,Romy,Rockall,Male,
268,0844137286,Bridgette,,Rewbottom,Male,24
269,1939999146,Deane,,Poundford,Female,
270,5104144011,Jeniece,Olvan,Harpham,,
271,8100991707,Teressa,,Gauvin,Female,85
272,7970201172,Jefferson,Missie,Segar,Female,66
273,2130825850,Ax,,Spours,Male,74
274,6849049305,Roseanne,Melisse,Mallock,Male,45
275,0838502423,Charyl,,Brocklebank,Male,72
276,6940170332,Isabella,Aurie,Pavkovic,Male,75
277,7215310183,Kassia,Allyce,Prinn,,81
278,6942494585,Ambrosi,Gustie,McInnerny,Female,59
279,8995202270,Gearard,,Rollinson,Female,58
280,6496201781,Gray,,Jeavon,,18
281,8187358734,Iolande,Boyce,Redmayne,,
282,7330823414,Garrek,Jennifer,Commin,Female,71
283,7095705615,Freida,,Gipps,,78
284,3067223896,Winny,Katinka,Boarleyson,,
285,6920892111,Glen,,Balsellie,Male,60
286,4623869687,Rickert,,Allibone,Male,60
287,2980248452,Rivi,Catriona,McCook,,
288,3172730174,Ingaborg,Davida,Laurentin,Male,
289,2287642641,Alric,Isidoro,Bugdall,Male,84
290,1197943595,Cristian,,Ivashev,Male,83
291,8713489607,Cathe,,Humber,Male,22
292,8253950942,Chrysler,,Sedgeman,,
293,3670064575,Herb,,Nichols,Female,
294,2784541487,Erastus,Abigail,Micka,Female,63
295,7828153724,Mendie,Kristoforo,Owbridge,Female,65
296,1494115328,Karlik,Frasier,Brazear,Male,83
297,7428446821,John,,Licciardiello,Female,
298,9315587871,Ailbert,Evaleen,Kynge,Female,18
299,8597860863,Darby,Sawyere,Eby,Female,63
300,5231273449,Montgomery,Beverlie,Reen,Female,25
301,9246149351,Rinaldo,,Elie,Female,
302,7379025104,Fanny,Silvester,Leeke,,22
303,7798163980,Donetta,Merle,Milleton,Female,33
304,2482828074,Gery,,Steketee,Male,23
305,5920109254,Simona,,Sloyan,,55
306,3212678577,Gibb,Bert,Pisculli,Female,
307,1013028082,Betteanne,,Kenion,Male,
308,7416500648,Heath,Marin,Roughsedge,Female,64
309,6702023073,Mace,Silvana,Thomazet,,58
310,7361924107,Ozzie,,Mannagh,Female,60
311,3655236824,Elana,Petr,Himsworth,Female,
312,3676807839,Ingar,,Dandie,Male,40
313,8986583550,Modesty,,Smalcombe,,49
314,4198234639,Godfry,,Dulany,,50
315,0548461155,Henrik,Pierrette,Lothean,,58
316,6957010279,Thelma,,Bagnall,Male,46
317,8868905108,Correy,,Di Francecshi,Male,
318,5155154006,Vincent,,Speck,Female,
319,6931836463,Munroe,,Caulton,Female,62
320,0871108992,Stormi,,Risso,Female,
321,2755668814,Judd,,Brinkworth,Female,65
322,0339990198,Dodi,,Anwell,Female,
323,4017224539,Meggie,,Longcaster,Female,44
324,3485484288,Ora,,Weekes,Male,
325,2032373637,Annette,,Kindle,Female,42
326,7024948329,Dimitry,,Aloshechkin,Male,63
327,7267267106,Mame,,Wolfenden,Female,63
328,1805304445,Maisey,,Raffon,Female,61
329,1555077404,Aila,,Kob,Male,21
330,7014291564,Salvatore,,Churchard,,23
331,0665409923,Laney,Raine,Coleson,Male,31
332,0008379327,Lani,,Hatry,,75
333,7288121364,Ario,Breena,Easterbrook,Female,37
334,0567948889,Amara,Daile,Beeken,Male,
335,6158725579,Ivette,,Verzey,Female,
336,1955449139,Virgilio,Elene,Heelis,,61
337,3000853804,Hans,,Lydden,Male,
338,1961335123,Irvine,,Jeduch,,27
339,8551885146,Scotti,,Sendall,Female,40
340,2368952535,Krisha,,Keer,Male,31
455,9395797444,Debee,,Smallpiece,,76
341,0303064706,Marylou,Les,Ricioppo,Female,47
342,0913999822,Loutitia,,Maplesden,Female,
343,2730409734,Reeba,,Seckington,Male,52
344,7206177247,Gardener,,Brydone,Female,56
345,2956506188,Dalia,,Duchateau,,
346,7318335774,Jerrie,Jarrid,O'Loghlen,Male,66
347,6206204847,Mary,Sheila,Cockshutt,Female,35
348,9598204707,Ximenes,,Hanham,Female,37
349,8281701455,Bart,,Daniaud,Female,70
350,3448186066,Rosco,,Bramble,Male,
351,5394860734,Sheela,,Poulney,Male,24
352,8492533838,Zara,Gabe,Showl,Male,65
353,7593810313,Edd,Hazel,Bernardes,,21
354,3543953613,Nita,,Gruczka,Female,82
355,7388667695,Cheri,,Lee,,20
356,3707163318,Sarette,Terrie,McGorley,,47
357,3260570357,Gael,,Hefford,,49
358,6777387951,Ame,,Attaway,,
359,7794390303,Anastasia,,Clipsham,Male,
360,0193751844,Field,,Kinnar,Male,
361,8215448534,Natalee,,Forsdike,Female,47
362,2382762063,Louisa,Felita,Le feaver,Female,
363,7650583066,Simonette,Jena,Ivanyushkin,Female,83
364,6908405966,Erin,,Idale,,
365,2704138540,Werner,Marcie,Ilyasov,Male,28
366,7011869085,Janis,,Booth-Jarvis,Male,24
367,2925236553,Codie,,Dows,,19
368,1803018569,Beret,Chico,Millyard,Male,38
369,6790661085,Gustaf,,Fawdrie,Male,
370,8502192701,Haleigh,,Seif,Male,19
371,4140891572,Karlyn,,Impy,Male,51
372,5054017437,Kalinda,,Angric,Female,30
373,5756634460,Rosina,Danyette,Kinneir,,43
374,2370993545,Tonia,,Gillio,,22
375,7107245279,Adolphus,Lynnea,Leek,Male,38
376,3202967754,Donna,,Stoppard,Female,
377,6938220417,Egbert,Wilhelm,Yurkin,Female,84
378,8246208489,Lamond,,Bibbie,,40
379,7785224676,Yasmin,,Bramhill,Male,79
380,0080890466,Joshia,Maureen,Durling,Male,65
381,8901793091,Roxine,Jesus,Agdahl,Female,43
382,3727862467,Lori,Hart,Worcester,Female,
383,2479144968,Hi,,Piolli,Female,73
384,3476547205,Lek,,Boakes,Female,20
385,0667662294,Clair,Janelle,Reen,Male,
386,0600940837,Otes,Hersh,Lamont,,77
387,2287135847,Ajay,Marjorie,Bardey,Male,
388,1638110700,Charmain,,Maling,Female,51
389,8120807170,Cesare,,Gibbons,,
390,7038301292,Aidan,Frances,Pratt,Male,37
391,1558914315,Benita,Charlotte,Serfati,Female,27
392,4750440418,Denice,,Adriani,Male,51
393,7625299341,Adella,Shirlee,Ghidoli,Male,38
394,5374092839,Arnie,Ema,Kerins,,
395,4780886740,Feodor,Frazier,Dowda,Female,54
396,8612213398,Brigham,,Schlag,Female,
397,0529911744,Stephanus,,Vaggers,Male,74
398,8590192849,Clay,Eleen,Finci,Male,50
399,4747281436,Fifi,Clem,Evensden,Male,65
400,5850352295,Bonnibelle,Odella,Acuna,,20
401,1637320469,Koren,,Hinsch,Male,39
402,8380754735,Lelah,,Medcraft,Male,
403,4573528717,Nedda,,Hubback,Female,
404,6094137787,Kendre,,Beckerleg,Male,37
405,9300761323,Kalli,Audra,Hudghton,Male,
406,4614300480,Avis,,Merrall,Male,
407,3442173043,Devland,,Schutte,Male,56
408,5129551117,Arlen,,Petric,Female,29
409,0590130234,Kassey,Errick,Gouldstraw,Female,83
410,0617275076,Luther,Denny,Scapens,Female,78
411,9549564231,Vyky,,Tomini,,
412,7987314765,Evey,,Palfery,Male,47
413,2162428334,Ulrick,,Lavender,Female,80
414,4201478319,Tobias,Sutton,Wehner,Female,43
415,2767532785,Quincey,,Blanchet,Female,33
416,5825883657,Gorden,,Clerc,Male,29
417,2834949220,Robena,Galven,Thebeau,Female,76
418,4086464047,Mellicent,Mannie,Kirkness,Male,78
419,7991245055,Dora,Lilah,Dawtry,Female,74
420,3033546889,Mamie,,Leebeter,Male,
421,9700994473,Jud,,Meacher,Female,58
422,2872584269,Nestor,,Balma,Female,83
423,9304889065,Dunstan,,Sedgebeer,,43
424,9477056340,Erroll,Eileen,Lumb,Male,33
425,1180634608,Niccolo,,Downgate,,
426,5309584374,Wakefield,Ruby,Phelan,Female,
427,0306108380,Torie,Rosana,Zelake,Female,
428,2941995021,Sheena,,Allabarton,Female,70
429,5785488434,Jaynell,Brooke,Pilling,Female,67
430,0889812829,Bud,,Willcot,Male,
431,5086520460,Nerti,,Oldham,Female,36
432,2192739990,Leanora,,Cooksey,Male,21
433,5153568970,Udell,Clayborn,Caven,Male,23
434,0842264515,Chiquita,Emmye,Eland,Female,69
435,3457604053,Kattie,,Portchmouth,Female,49
436,1982912103,Jesselyn,Micheal,Hennemann,Male,
437,1856746631,Ada,,Greggersen,Female,56
438,1584966173,Sashenka,,Gilkes,Female,84
439,5426036012,Zulema,,Boutwell,Male,77
440,4843815241,Dawna,Valry,Radish,Male,42
441,9881500303,Olwen,,Paulou,Male,
442,0503946354,Belicia,,Loney,Female,41
443,7481013128,Fifi,,Guppie,Male,40
444,4398951407,Maxy,,Emerton,Female,48
445,5870756618,Lizabeth,,Hasard,,21
446,9917625070,Alfie,,Blase,Male,53
447,3178976361,Charisse,,Pfeffer,,21
448,0410377899,Elonore,,Guilloneau,Female,74
449,2230183044,Xever,Chelsea,Alexsandrev,Male,45
450,8187158298,Lonnie,,Glanester,,40
451,6012491298,Albina,,Fewlass,Female,
452,8850971877,Godard,,Glennie,Male,
453,8612163676,Clare,,Bickers,Female,56
454,2716516014,Britney,,Billyeald,,78
456,4467058214,Wernher,,Hazart,,
457,4788629267,Maris,,Millam,Male,31
458,1615146393,Row,Carlota,Liversidge,Female,
459,0874383064,Simona,,Broszkiewicz,Female,
460,2676813625,Bronnie,Catrina,Fitzjohn,Female,66
461,7650901793,Tucky,,Blockwell,,32
462,0650804023,Dasya,Wendell,Baumann,Male,
463,7366553697,Granny,,Antognetti,Male,
464,6001289204,Jameson,,Bridgen,,
465,8754693802,Burgess,Jillane,Soppett,Female,40
466,6351467861,Morrie,,Blaydon,Male,45
467,3366235942,Mord,,Willox,Female,
468,6622542805,Chantalle,,Reilinger,Male,68
469,0048134155,Ralph,,Duffett,Female,75
470,4448030733,Cecilla,,Nurdin,Male,83
471,1492989797,Julissa,Gert,Pfaffel,Male,67
472,2058978943,Deb,Dougie,Spittle,Female,
473,2175713733,Gail,Orsa,Sykora,Female,
474,0352005572,Torey,,Lawn,Female,34
475,3288920069,Jillie,,Timlin,Male,50
476,7262651641,Sharon,,Scaice,Male,
477,9815029304,Sioux,,Vidgeon,Female,
478,2116896037,Twyla,,Wesson,,64
479,8553662381,Bartholemy,Elnar,Gebuhr,Female,23
480,4364269913,Roderich,,Milliken,Female,55
481,5205152885,Cynthia,,Room,Male,71
482,4956051360,Fax,Marnie,Bagniuk,Male,
483,8327903020,Gordie,Rey,Chase,Male,25
484,6273951942,Harp,Laure,Cornner,Male,
485,4155754339,Garwood,,Coombes,Female,70
486,0584279310,Brittan,Mira,Maffezzoli,Female,
487,9049612504,Carley,Dwayne,Boddis,Male,22
488,5236279283,Lavena,Liane,Golland,,
489,9507201912,Geoffrey,,Thicking,Female,57
490,0536974233,Port,Alameda,Abad,,62
491,3004490749,Marget,Sheppard,Fillingham,Female,63
492,3349242243,Nicolai,,Wiseman,Male,50
493,0924062746,Wyatt,,Burtwistle,Female,77
494,4505899888,Itch,Ermengarde,Zorzini,Male,18
495,9741731132,Lulita,,Leist,Male,
496,6703280274,Leticia,Jeannette,Pull,Male,31
497,2937427162,Gary,,Digwood,Female,77
498,6102948807,Nada,,Meneer,,78
499,3578427691,Milzie,Dun,Challens,Male,40
500,0229888801,Alfonse,,Chichgar,Female,75
501,6017456369,Chelsea,Towny,Shugg,Male,40
502,3652808908,Alister,Daniella,Harmant,Male,
503,8865794062,Papageno,Annemarie,Drewson,Male,71
504,7947013152,Pernell,,Giraudat,Female,
505,5803700924,Rita,,Coneybeare,Female,
506,0486614859,Teresa,Briana,Pieracci,,82
507,8114344326,Selia,Leslie,Deerness,,61
508,5177129292,Darbee,,Greenhouse,,
509,4173602626,Henriette,Sybila,Scarr,Female,
510,6222109799,Silvano,,Sisson,,61
511,6857094977,Violette,,Sinkings,,58
512,2903156409,Levy,,Dimmer,,84
513,1765383587,Salvatore,,Shortan,Male,49
514,0575589817,Reinald,,Royce,Male,38
515,2132642567,Moyna,Celestine,Pleass,Male,60
516,2355777055,Daniele,,Nucciotti,Female,83
517,5412936334,Marijn,Benoite,Polino,Female,35
518,1563104601,Bird,,Lutas,Male,74
519,8501261114,Erinn,,Adrienne,Male,
520,7443929803,Salvatore,Janna,Alliott,Female,
521,7119081438,Cicily,,McIan,,72
522,3139420986,Clementius,,Grigoroni,Female,56
523,5865730630,Derril,,Beckhouse,Male,26
524,6284315031,Teador,Pail,Schurcke,Male,55
525,4187257365,Jere,,Leel,Male,55
526,4080114087,Uri,,Feek,Female,
527,6638317091,Davine,,Glison,Female,
528,7354052574,Lin,Abramo,Atton,Male,84
529,6087348891,Ethelbert,,Howle,Female,71
530,2629558630,Adrian,Blanch,Cracker,Male,
531,8899968977,Teddy,Erma,Quincey,Male,
532,6455931335,Hermann,Nissie,Grabert,Female,
533,1338266004,Robb,Amelita,Butrimovich,Female,56
534,7647636812,Marinna,,Cubbon,Male,58
535,2114870634,Sonja,,O'Day,Male,85
536,5401811616,Julina,,Bone,Female,
537,4025852861,Tally,,Kerridge,Female,
538,6151613813,Kessiah,Loralee,Pidler,,78
539,2957420287,Brewster,,Spears,Female,46
540,0259190713,Shelly,,Hrus,,59
541,7255107753,Bartolomeo,Howard,Halligan,Female,
542,2321476451,Lura,Trever,Demaid,Female,
543,9673466904,Freda,,Enos,Female,42
544,8444432628,Holden,,Kinsella,,53
545,7072844996,Shellysheldon,,Abrashkov,,76
546,4536380949,Jackie,Sherri,Reiach,,
547,8576014505,Em,,Maass,Female,
548,8392798651,Dix,Edith,Clemendet,Female,
549,1420799975,Yale,Allissa,Bradfield,Female,42
550,1881555615,Franky,Kennith,Scollick,Male,79
551,8998005522,Mikaela,,Vaar,Female,35
552,6341150903,Staci,Alphonso,Pettigree,,58
553,5379323650,Mikel,,MacMeekan,Female,58
554,2671875142,Hi,,Frankish,Female,
555,8289571887,Roda,Jaquenette,Figgen,Male,33
556,5184894985,Ewell,Amandi,Seint,Male,73
557,2115742753,Shae,,Benbrick,Female,
558,2041225300,Clarance,,Dirkin,,30
559,2324862271,Binny,Otis,Ricci,Female,
560,2052611010,Ariella,,Wharf,Female,
561,8097468158,Harmon,Floria,Dudbridge,Female,79
562,6153744907,Chickie,,Fendlow,Female,62
563,6159492675,Shay,Theodore,McGarrity,Female,
564,0975987925,Nat,Tani,Scrauniage,Male,42
565,1242636129,Anet,Malina,Kenningham,Male,
566,4629223363,Vivyan,Mara,Jacobovitz,Male,
567,4459611384,Gilemette,,Cleare,Female,80
568,1439825610,Carie,Petronille,Titheridge,,18
569,5931793917,Meriel,,Kemme,Male,
570,4575260819,Mallorie,Gunar,Speenden,Female,35
571,2835674799,Montague,,Seabrook,,34
572,2533263648,Julian,Shel,Kuhlen,Male,
573,4862679382,Celinka,Bradley,Gligori,Female,62
574,9466486233,Neille,Patrizius,Cayley,Female,83
575,2840018411,Lancelot,Charlena,Durand,Female,84
576,4417098506,Shanie,,MacCartair,,28
577,5673788983,Farly,,Blakeslee,Female,
578,6144819142,Merlina,,Climpson,Female,
579,4691408436,Edmon,Valentia,Buzin,Female,
580,9716296770,Cathlene,,McCowan,Male,
581,8652603448,Theobald,Ramona,Church,Male,34
582,8632874144,Phillida,Hyacinthia,Darlaston,Female,35
583,0486079481,Ethelin,Niels,Libbey,Male,83
584,7779497801,Eugenius,,Bohman,Male,
585,5423542219,Leyla,North,Luthwood,,
586,3489378199,Jolee,,Cadding,Female,
587,8960474835,Adorne,,Fullalove,Male,67
588,8221423394,Salim,Nellie,Curd,Male,75
589,1833548132,Curtis,,Rubinowicz,,85
590,8687614985,Collette,,Tearney,Female,74
591,9273300987,Kelsey,,Theyer,Female,33
592,0694829323,Dene,,Targetter,Male,80
593,2572027585,Currey,,Hiner,Male,67
594,0140194347,Prent,,Mabbitt,Male,71
595,8585517808,Thane,,Basini-Gazzi,,
596,1668512734,Vanni,,Cleen,Female,
597,9536036886,Barbe,Demetris,Deinert,Male,27
598,7525104247,Gwen,Moshe,Grob,,
599,3465410734,Conny,,Whitear,Female,66
600,9345389989,Geri,Quentin,Bourgourd,Male,
601,3860622250,Addie,Sherm,Columbine,Female,77
602,5076445482,Fulton,Lemmy,Rivitt,Male,
603,4982867291,Elsbeth,Korey,Igglesden,Male,76
604,6787044941,Ellery,Ranee,Geare,Male,
605,2098938683,Marielle,Dawna,Corro,,53
606,6103105382,Frasco,,Gunney,Male,
607,2274068585,Pren,,Henriques,Female,20
608,5612995318,Tiena,,Casserley,Male,
609,7439222911,Fancy,Mada,Knevit,,55
610,3430672805,Andreas,Isa,Marritt,Male,33
611,6940731830,Lynda,,MacClinton,Female,
612,5023768082,Torrance,,Poleye,,60
613,9040941564,Lise,,Burchnall,,
614,4095528575,Dianna,,Hardington,Female,45
615,4017140106,Ynes,,Fenge,Male,80
616,2273786441,Annaliese,,Wolfers,Male,30
617,6920743442,Brittani,,Robel,Female,62
618,3365641300,Bethanne,,Butson,Female,69
619,9173094099,Shermie,,McWhinnie,Male,38
620,2897612053,Rowan,Carissa,Blase,,
621,6072678203,Jerrie,Alasdair,Swinley,Male,75
622,5205955597,Mary,,Bourdon,Male,
623,3250603511,Kathleen,Joyan,Glitherow,Male,65
624,0352830255,Charis,Putnam,Jeanenet,Female,
625,5233854252,Jereme,,Sange,Male,57
626,5837621679,Lawrence,Bengt,Messenger,Female,
627,9820720761,Anjela,,Brawley,Female,74
628,3617493149,Jarid,Lay,Sandland,Female,53
629,8682100045,Anestassia,,Bedborough,Male,21
630,3822875279,Emmye,Lilah,Kulver,Female,36
631,6903501045,Ashley,Cullen,Curtois,Female,46
632,3749687293,Mariska,,Bleyman,Male,
633,3771661609,Jessalyn,,Dee,Female,53
634,4700132906,Antonie,,Grestye,Female,
635,6110353248,Elijah,,Geyton,Male,85
636,2072828031,Kippar,,Fullom,Male,26
637,3719698157,Alidia,,Edmonston,,20
638,4169595351,Darleen,,Vant,Female,
639,1886080550,Liva,Jeramie,Oloshkin,Female,65
640,5061573080,Lind,,O'Mullally,,82
641,9167684262,Mozes,,Neljes,Female,
642,5586737957,Doroteya,,Sisley,Female,79
643,8730610680,Jeffie,,Drayton,Female,
644,7285680877,Shepherd,,Proby,,
645,7674313077,Jeremiah,,Bloxholm,Female,
646,1899375430,Foster,,Pren,Male,56
647,6904794313,Farrand,,Saterthwait,Female,45
648,0847978249,Giulia,Terra,MacMaster,Male,
649,2258159016,Orton,,Von Brook,Female,42
650,5962478657,Colman,,La Batie,Male,64
651,5612378890,Moishe,,Shorto,Male,20
652,1836467206,Cathy,,Livens,Male,20
653,1718376197,Martainn,Stanton,Lighten,Female,35
654,6692669251,Thadeus,Derek,Coopper,,
655,8403134150,Eunice,,Organer,Female,71
656,2040012753,Simona,,Perillo,Male,32
657,8957247386,Cloe,,Teague,Male,43
658,7830837953,Magdalene,,Dallosso,Male,20
659,5149368687,Junia,,Bondy,Female,
660,4416075723,Emmalyn,Erl,Grunder,Male,53
661,5498128487,Rowen,Rosaleen,Lackie,Female,44
662,6111732927,Franklyn,,Keattch,Male,30
663,7851604710,Gibb,,Keetley,Male,73
664,7032571646,Georges,Fred,McDuall,Male,47
665,5852819123,Eran,,Santello,Female,22
880,8531139856,Barnard,,Syversen,,68
881,0873605071,Lindsey,,Colum,Female,49
882,6936661068,Bettye,Mamie,Moraleda,,
883,4313964401,Winthrop,Leandra,Whorlton,Male,
884,0351389059,Nicolas,Merrielle,Thelwll,,65
885,6502893104,Hilliard,,MacGragh,Female,20
886,2350878104,Hanny,Emlynne,Edmeades,Male,
887,2567231757,Joellen,Annette,Beeden,Female,
888,8361241183,Marrilee,,Vallentin,Male,28
889,1385718641,Dru,,Petchell,,21
890,3347156854,Rabbi,Anders,Mantrip,Female,
891,0605212031,Clair,Wandie,Bartels-Ellis,,75
892,1093941057,Cyrill,Jorrie,Pinnegar,Female,
893,6782172992,Belle,,Winspur,Male,35
894,3694434011,Kaitlyn,,Ashness,Female,59
895,0314400370,Elisha,Dana,Polding,Female,69
896,5508361154,Vladamir,,Vynoll,Female,77
897,5627109246,Egbert,Dolph,Hasson,Female,84
898,5120233546,Corissa,,Bilbey,Female,
899,8305830586,Bartolemo,Carlo,Weeks,Male,
900,0637719425,Holmes,,Hansill,Male,
901,5656518191,Alyssa,,Mees,Male,
902,5293223704,Belinda,,Pasley,Female,
903,4639236425,Jorie,,Braffington,Female,80
904,5702215370,Linda,Merrilee,Giraudou,,
905,1756672857,Domini,Tamra,Picknett,Male,39
906,7503504285,Jeddy,,Wennington,Female,80
907,2714647812,Carmela,,Frany,,36
908,1101542209,Christie,Midge,Leates,Male,35
909,7979265688,Shea,Kalvin,Waltering,Male,43
910,9965285780,Carina,,Crowche,,68
911,6235844522,Glyn,Mandy,Mathon,,68
912,6014255818,Rudolfo,,Cowlard,Female,38
913,4869485885,Ava,Darrel,Cashell,Male,
914,7753242105,Kelci,,Dewane,Female,
915,1870029720,Warden,,Stealey,Female,49
916,3303556555,Fallon,,Muris,Female,
917,4877177949,Myrtie,Kippy,Caccavale,,42
918,5892024679,Berry,,Chiverton,Male,78
919,5670948130,Della,Garth,Lemoir,Female,24
920,5572927155,Jessika,Russ,Batterson,Female,29
921,6778185791,Merlina,Osbourn,Faloon,Male,
922,7152804931,Carrissa,,Fucher,Female,70
923,3963317868,Celeste,,Deshon,Female,19
924,6248391971,Crichton,,Spinetti,Male,32
925,2994936534,Elfie,Wye,Parmeter,Male,
926,8265439415,Gare,,Downer,Female,44
927,7794262887,Darrelle,,Raleston,Male,
928,8513473081,Adolph,,Craigie,Female,45
929,1646724003,Lavinie,Elva,Wigglesworth,Male,
930,5082648144,Ester,Cece,Cullabine,Female,60
931,2346448923,Marlo,,Godehard.sf,,
932,0854583017,Elissa,Gilberta,Clarey,Female,71
933,0256452172,Cassie,,Iskov,Female,32
934,9954142541,Jermaine,Carolee,Athow,Female,
935,6742784709,Sheridan,,Strevens,Male,60
936,4679146761,Gertruda,,Tingley,,59
937,7927447351,Drucie,,Giddens,,33
938,2189225906,Robby,Tony,Bauduccio,Male,46
939,2337261042,Roxane,,Woolpert,Male,43
940,6311090848,Roddy,Boyce,Truman,Male,46
941,6674489557,Dan,Haskel,Farnin,Male,61
942,8725219766,Ted,,Livingston,Male,76
943,3074666315,Florenza,,Skinley,Male,33
944,0772927766,Kaja,Ellwood,Manchester,Female,28
945,5024653882,Gabriel,Gery,Duckerin,,18
946,8199593709,Nicoline,Leigh,Hindhaugh,Female,41
947,9061772133,Conroy,Aldon,Czajkowska,,
948,8137858911,Babbie,Torrey,Barnett,,
949,7384349583,Jasper,,Elsom,Female,20
950,4233899700,Gifford,,Alyukin,Male,
951,1085429199,Jillane,,Baxster,,
952,4180006065,Bernetta,,Scawton,Female,
953,4003089731,Derk,,Wasiel,Male,36
954,6671272751,Shane,,Baurerich,,45
955,2897024062,Cher,Gwenora,Girardot,Male,
956,6403165798,Bernice,Harmon,Billes,Female,53
957,5499183848,Natala,Milly,Ludman,Male,
958,1555083668,Trenna,Hildy,Legge,Female,47
959,4237438880,Vivie,,Gooderson,Male,60
960,5661378548,Elisabetta,,Troake,Male,
961,7128833269,Waneta,Pet,Kynton,Female,27
962,9083767655,Leonerd,Vanda,Pocknoll,Female,47
963,4616850720,Guendolen,Hali,Wetherby,Male,85
964,4545473849,Lilian,Chicky,Castelin,Female,
965,6207256255,Eben,Fawn,Shearstone,Female,45
966,9980683910,Abeu,,Papen,Male,
967,6810316124,Issiah,,Klagge,Male,64
968,4119153592,Hettie,,Cluett,Male,73
969,8442453342,Noby,,Gorce,Female,82
970,7031734339,Husein,Cirillo,Jindrak,,60
971,3203358824,Joyan,,Kellert,Female,22
972,7040084473,Lawton,Emylee,Nelthorpe,Male,70
973,9638530863,Waite,,Karlsson,Female,85
974,5081535095,Brittan,,Veque,,74
975,2081190214,Chris,,Heakey,Male,61
976,5926861454,Bili,,Londesborough,,66
977,1450426530,Moyra,Harcourt,Nisius,,69
978,6067028751,Conchita,,Sturte,,44
979,5922666738,Sawyere,,Shovelton,Male,
980,3121304313,Gilda,Yankee,Bauer,Male,79
981,7709420699,Petey,Tommy,Smerdon,Female,69
982,9614678542,Wain,,Whaplington,Female,73
983,2363419944,Dianemarie,,Bullant,Male,
984,4657375482,Shoshana,,Mehew,Male,
985,4564308378,Skippie,,Chupin,Male,42
986,6009546575,Louis,,Fuke,Female,
987,4368758870,Nikolaos,,Farran,,51
988,7981739942,Ariel,,Elphinstone,Female,
989,1893003868,Henry,,Ghelerdini,Male,
990,1439176973,Loutitia,,Christofol,Male,42
991,0411832131,Whitney,,Alfuso,Male,35
992,2154583695,Winthrop,,Ropars,Male,65
993,8889056029,Lucienne,Abbott,Kibard,Female,
994,7791673231,Helen-elizabeth,,Houltham,Male,
995,4734793395,Dora,Bethena,Eymer,Female,49
996,7427006887,Philippine,Keriann,Garraway,Male,21
997,9733045969,Sal,,Rudd,Male,41
998,4809177122,Julita,Caesar,Gameson,Male,37
999,1166839664,Yanaton,,Eglese,Female,
1000,9620978072,Roselin,,O'Lunny,Male,63
1001,8560589686,Melih,Can,DUMANLI,Male,32
