Honda,Insight,2004,Maroon,55123.17,WAUBGAFB2AN680164
Mercedes-Benz,S-Class,1984,Indigo,83284.61,WAUDF78EX5A158952
Kia,Sorento,2012,Crimson,47183.66,SAJWA4EC6FM464687
Chevrolet,Suburban 2500,2002,Green,72389.52,WBADS43483G993046
Pontiac,Grand Prix,1967,Indigo,113180.24,WAU4FAFL1BA438012
Hyundai,Accent,2003,Yellow,8951.27,JN1AZ4FH1FM186215
Lexus,LX,2009,Blue,5881.07,19UUA65614A812522
Honda,Civic,2006,Orange,98477.45,SCFAB22373K101712
Infiniti,Q,2002,Violet,36755.79,1C4RDHEG5EC929235
Toyota,Sequoia,2001,Puce,94828.64,3D4PH7FGXBT668675
Mercedes-Benz,G-Class,2009,Khaki,18930.29,1G4GA5ER6DF405388
Pontiac,Firebird,1994,Violet,70241.09,SCBLC43F06C103537
Mercedes-Benz,400E,1992,Yellow,55523.83,5J8TB18267A978186
Lexus,LS,1992,Green,16481.51,WBSWD9C59AP300731
Geo,Metro,1994,Purple,8147.09,WAUMGBFL2AA137444
Hyundai,Accent,2010,Aquamarine,70590.67,SCBLC47J08C301763
Ford,Taurus,1992,Teal,149462.49,JH4CU4F44BC548814
Pontiac,Sunbird,1985,Purple,81323.26,2C3CDXL9XFH672001
Ford,Mustang,1996,Yellow,30372.47,SCFEBBCF5CG232733
Mitsubishi,3000GT,1992,Khaki,101874.76,KMHFG4JG7DA805319
Dodge,Ram 3500,1999,Violet,58559.91,WP0CB2A83CS149468
Chevrolet,Camaro,1969,Aquamarine,60945.21,1GD020CG2BF892119
Volkswagen,Rabbit,2010,Red,147362.02,3VWML7AJ9EM074561
Toyota,Tundra,2000,Goldenrod,12723.26,WVGAV3AX7EW272192
Dodge,Caliber,2012,Purple,104446.25,WAUKD78P97A156935
MINI,Countryman,2012,Violet,30016.87,1G6AB5SA1F0962854
BMW,745,2002,Yellow,83213.98,1C6RD7HT1CS201442
Oldsmobile,Silhouette,1995,Indigo,63945.86,SALFP2BG0FH238428
BMW,M5,2007,Crimson,68413.20,1GYS4MKJ0FR969483
Chevrolet,Express 1500,2002,Khaki,41851.32,2G4WB55K241156770
Volvo,V50,2011,Maroon,48866.03,WAUHF78P09A530923
Bentley,Continental GT,2012,Indigo,87180.66,WP0AA2A93CS357479
Mitsubishi,Outlander,2004,Orange,91990.00,JM1DE1HY5B0676692
MINI,Clubman,2011,Turquoise,84995.07,5J8TB2H55CA004855
Audi,S4,2013,Pink,73727.65,WAUKH98E96A828098
Chevrolet,Camaro,1982,Violet,142915.35,SALVP1BG2CH916498
Lincoln,Navigator,1998,Green,136844.79,1G6KD54Y75U710347
Volkswagen,Jetta,1984,Puce,108081.64,JM1NC2JF7E0148682
Nissan,Quest,2001,Turquoise,111025.72,1GYFK36259R004725
Jaguar,XJ Series,2000,Aquamarine,131682.10,5YMKW8C58F0411336
Lincoln,MKZ,2011,Orange,133295.82,SCFHDDAJ5CA628156
Daihatsu,Charade,1992,Blue,66542.92,WAULT58E65A882954
Mazda,Mazdaspeed 3,2009,Khaki,45327.08,TRUTC28N751278594
Ford,Fusion,2008,Fuscia,43323.89,SCFEBBAK4CG992958
Saturn,Relay,2005,Blue,148496.07,WBA3B1C55FP700842
Acura,RSX,2006,Turquoise,108643.18,WBAEV33413K956679
Chevrolet,Equinox,2005,Pink,16125.78,WA1YD54B74N218746
Lexus,IS-F,2011,Aquamarine,97591.73,1B3BD2FB0BN561016
Panoz,Esperante,2007,Purple,137260.45,SAJWA2GZXE8553207
Ram,C/V,2012,Teal,75030.86,WBALM7C57AE333699
GMC,Rally Wagon 3500,1992,Pink,28140.34,19XFA1E88AE065621
Jeep,Cherokee,1997,Goldenrod,121562.25,1N4AL2AP1BN399466
Toyota,Land Cruiser,2004,Turquoise,64467.00,WVGAV3AX7EW165126
Mazda,Miata MX-5,1997,Pink,56972.34,JH4KB2F59BC113026
Honda,del Sol,1997,Khaki,98083.03,3GYEK63N62G359324
Ford,F350,2010,Purple,31986.86,WBAAZ33484K782162
Mazda,B-Series,1998,Violet,2858.81,WAUHGAFC0EN395116
Buick,Skyhawk,1984,Aquamarine,42186.31,1C3CDFCB9FD100167
Kia,Rio,2009,Turquoise,135996.44,JN8AF5MRXCT985701
Dodge,Grand Caravan,2008,Blue,6967.99,5TDBY5G10DS866698
Mazda,Mazda6,2005,Pink,104681.37,WDDLJ7DB1EA820044
Hyundai,Accent,1995,Fuscia,140389.73,3VW4T7AT0EM139489
Mercedes-Benz,CL-Class,2005,Goldenrod,119281.46,WUAW2BFC9FN950289
GMC,Sierra 2500,2008,Puce,88473.33,19UUA8F38DA559652
Volvo,XC60,2012,Green,30990.65,WBAYE8C53FD827757
Chrysler,Town & Country,2012,Crimson,110038.60,1C3CDFDH4ED637286
BMW,X5,2007,Turquoise,112351.21,SCBLC37F74C031589
Dodge,Challenger,2011,Indigo,56259.03,WBAWV5C55AP605492
Cadillac,Escalade,2010,Red,110701.42,4JGDA2EB1EA376692
Mercury,Grand Marquis,1993,Teal,55533.01,WAUDL94F96N982177
Mercedes-Benz,CL-Class,2004,Fuscia,96590.35,SCFFDCCD5AG328104
Oldsmobile,Bravada,2000,Turquoise,76844.43,WBADN63453G270712
Pontiac,Firebird,1989,Puce,135616.08,WAULC68E82A775714
Ford,Econoline E350,1999,Blue,76444.71,KNAFX6A85E5885316
Bentley,Continental GT,2006,Red,128423.90,1GYEC63NX6R311912
Volvo,C70,2003,Indigo,77129.27,5N1AZ2MG9FN433224
Ford,F150,2003,Purple,131840.18,WAULT68E15A826930
Pontiac,Grand Prix,2005,Mauv,90905.09,1GTPCTEX7AZ340580
Toyota,Corolla,2000,Orange,121940.00,1ZVBP8JS8A5649629
Chevrolet,Corvette,1994,Crimson,107300.00,1N6AA0EJ8FN189265
Mercedes-Benz,G-Class,2003,Purple,77151.25,2B3CA4CD6AH123090
Saturn,Aura,2007,Khaki,54700.08,JN1AJ0HP4AM567991
Honda,Insight,2002,Indigo,147924.25,WBAEV33484P596458
Chevrolet,Silverado 3500,2006,Green,67954.60,3VW1K7AJ1EM242344
Pontiac,Grand Prix,1967,Fuscia,5845.55,1G6AC5S36F0391456
Mercedes-Benz,C-Class,2012,Crimson,126978.85,2T2BK1BA8BC185191
Mazda,MX-6,1989,Purple,97249.00,WAUSG74F89N253754
Dodge,D350 Club,1992,Mauv,41084.42,1GKS2GEJ9CR138184
Ford,Expedition,1999,Goldenrod,56968.82,1LNHL9FT0FG302691
Audi,A6,1996,Puce,130950.41,WAUPL58E94A490910
Honda,Odyssey,2006,Teal,76180.94,1FTWF3B59AE288377
Porsche,911,1989,Green,73192.38,4T1BD1EB2DU933230
Ford,Windstar,1997,Maroon,100018.32,WBAUT9C51BA385258
Volvo,S70,1998,Aquamarine,139822.61,1N6AA0EJ1FN768923
Honda,Odyssey,2012,Orange,86485.41,3N1CN7AP3DL426067
Mazda,626,1999,Pink,26687.64,WBAYB6C53DC034815
Mercedes-Benz,M-Class,2008,Crimson,137193.05,JTHFE2C29E2094992
Buick,Century,2002,Red,59309.20,WAUFFAFL8EN762242
Mitsubishi,Eclipse,1993,Teal,55613.31,SALWR2TF7FA697626
Chrysler,PT Cruiser,2006,Mauv,92840.34,WAUDH74F28N821808
Lamborghini,Murci√©lago,2005,Fuscia,122322.79,3D73M4CL8BG795737
Lincoln,Zephyr,2006,Orange,118422.43,JTEBU5JR2E5784632
Land Rover,LR4,2011,Purple,64663.06,WAUTFAFH2DN480627
Infiniti,QX,2002,Pink,87758.70,WAUJC58E52A627442
Dodge,D150,1992,Indigo,62002.38,YV1672MC8BJ983281
Mercedes-Benz,SL-Class,1984,Fuscia,109767.56,SCFEDCAD8BG239918
Mercedes-Benz,CL-Class,2010,Red,129263.90,WAUVFAFHXBN149204
Pontiac,6000,1987,Fuscia,50948.19,WBADN63403G218114
Porsche,911,1997,Pink,84222.92,1G6AA5RX2F0368657
Eagle,Talon,1993,Teal,53401.72,SCBLE47K69C942419
Buick,LeSabre,1992,Crimson,12360.28,WBAKG1C50DJ938272
Volkswagen,Jetta,1994,Violet,58064.62,JN1CV6AR2FM236927
Mercury,Villager,1993,Red,11551.04,WBAVL1C57DV650167
Mitsubishi,Eclipse,1991,Purple,95742.91,4T1BK1EB2FU878383
Subaru,Legacy,1990,Yellow,105374.26,3D73Y4CL6BG140433
Nissan,Altima,2002,Pink,67752.10,1G6AY5SX9F0405192
Dodge,Dakota,1999,Purple,74561.14,NM0AE8F71E1965019
Toyota,Echo,2005,Khaki,116310.58,1G6DC67AX90656412
Dodge,Omni,1978,Goldenrod,90556.37,3C3CFFJH3ET132767
Ford,F150,1993,Orange,14632.09,WAUEFAFL7EN599384
Ford,Thunderbird,2004,Blue,70591.43,WBA3T3C5XEP606740
BMW,Z4 M,2009,Orange,6056.71,WAUGL68E75A783146
Kia,Sportage,2011,Crimson,128998.47,4T1BF1FK7CU209444
Hyundai,Sonata,1997,Maroon,17912.77,WAUKD98P16A161198
Dodge,D350 Club,1993,Yellow,146275.48,WBAUN13549V034424
Buick,Park Avenue,1995,Maroon,48746.07,1G4HF57958U607093
Jeep,Liberty,2003,Mauv,70965.32,KNDPB3A27B7421427
Oldsmobile,Aurora,1996,Indigo,64382.17,JN1AY1AR6CM347459
Mercedes-Benz,E-Class,1986,Green,115905.57,WA1LGBFE0CD594572
Maserati,430,1991,Green,55705.89,3C63DRKLXCG059397
Mitsubishi,Eclipse,1997,Mauv,107508.42,JTEBU4BF7CK629555
Mitsubishi,Starion,1987,Fuscia,92602.68,19UUA75598A985479
Ford,Bronco,1985,Red,127597.06,WAUEH78E57A093140
Toyota,4Runner,2001,Aquamarine,55865.49,WVWED7AJ1AW176743
GMC,Sierra 1500,2006,Indigo,23828.41,3D4PH6FV7AT886158
Jaguar,XK Series,2005,Khaki,9577.42,JTMHY7AJ3B5410924
Mercury,Sable,1994,Orange,65750.09,SAJWA8JH0EM813351
Chevrolet,Avalanche,2007,Yellow,54294.31,1GYEK63N54R524430
Volkswagen,riolet,1992,Violet,40945.20,5N1AN0NW6EN912415
Volkswagen,Fox,1987,Orange,76537.45,WBAVD13546K662990
Dodge,Stratus,1998,Turquoise,86959.08,KNDPB3A29B7253113
Honda,Passport,2000,Violet,73725.01,1J4RR4GG0BC367998
Plymouth,Grand Voyager,1998,Violet,78716.38,JTDKDTB32D1960782
Buick,Regal,1992,Indigo,134219.71,1G4GB5EG3AF227396
Mitsubishi,Tundra,2009,Khaki,82629.16,JN8AZ1FYXBW655946
Nissan,Murano,2011,Pink,143818.30,SALVP2BG3FH767853
Honda,Odyssey,1999,Aquamarine,40863.88,SCBDC47L68C571229
Volkswagen,Passat,2007,Blue,146122.83,1GYS4KEF1DR808309
Mercedes-Benz,G-Class,2010,Blue,33103.49,WAU3GAFC2DN768407
Nissan,Quest,2000,Indigo,7959.56,19UUA66248A838369
Pontiac,G6,2006,Teal,71189.92,WAUEH78E66A225143
Honda,Pilot,2011,Puce,65610.62,5NPET4AC2AH440965
Mercedes-Benz,M-Class,2011,Aquamarine,126453.80,WAUKH78E37A327066
Saturn,Ion,2003,Violet,55646.08,2C3CDYBT3CH175791
MINI,Cooper Clubman,2011,Yellow,130525.38,KMHHT6KD6AU624937
Ford,GT500,2008,Turquoise,14485.18,5NPE24AFXFH275557
Mercury,Monterey,2004,Puce,78455.15,1G6KF54912U554515
Chevrolet,Prizm,2002,Goldenrod,13208.05,3VWKP7AJ4EM513306
Ford,Falcon,1966,Goldenrod,40685.43,SCBFU7ZA4DC722114
GMC,2500,1995,Blue,89697.57,3C4PDDGG4ET680122
Cadillac,Escalade,2004,Orange,9737.02,WAUSG78E56A284500
Aston Martin,DB9,2012,Yellow,146628.42,5N1BA0NEXFN878701
Mercury,Grand Marquis,2011,Khaki,108186.27,JH4NA12695S537065
Lincoln,LS,2000,Puce,138344.56,3VW4T7AT7DM405282
Ford,Mustang,1985,Blue,72330.48,WBA3D3C50FK160562
Mazda,Mazda3,2010,Purple,118076.82,1GTG5BE30F1637617
Hummer,H3,2007,Pink,42340.93,WAUVC68EX5A076016
Buick,Century,2004,Red,28764.00,1GKS2GEJ4DR528921
Lexus,ES,2005,Mauv,116573.08,WBAVC73587A683628
Acura,CL,1999,Khaki,61167.25,KNDJT2A10B7224376
Mazda,626,1983,Blue,146879.99,SCBBP9ZA1BC100701
Jaguar,S-Type,2006,Crimson,37027.11,1ZVBP8JZ0D5143049
Volvo,C70,1998,Teal,107266.40,JA4AD3A33FZ095574
Mitsubishi,Endeavor,2011,Violet,119444.09,JM1NC2JF8E0589785
Saturn,L-Series,2003,Teal,59873.04,JTMHY7AJ0A4692900
Mercedes-Benz,CL-Class,2001,Mauv,107144.81,WAUPL58E65A483284
Ford,Edge,2008,Aquamarine,74897.80,3D7JB1EK8BG657972
Land Rover,Freelander,2002,Indigo,131278.30,3VW1K7AJ6BM735237
Pontiac,Parisienne,1986,Indigo,19261.71,WBAYG6C5XFD839628
Mitsubishi,Pajero,2000,Mauv,39433.12,19UUA566X3A625125
Nissan,350Z,2004,Crimson,99414.52,JTJBM7FX4E5146970
Mercedes-Benz,CL-Class,2011,Aquamarine,6660.47,JN8AS1MUXCM946500
Hyundai,Accent,2003,Orange,39324.94,1GYEE637660940180
Chevrolet,G-Series G30,1993,Khaki,81041.75,JH4DC54883S034474
Pontiac,Grand Am,2000,Khaki,92053.34,5J6TF2H56FL485740
Ford,Explorer,2008,Aquamarine,109977.07,5N1BA0NE5FN810225
Ford,Laser,1986,Turquoise,103731.27,WAUMFAFR0FA994144
Chevrolet,Blazer,1994,Aquamarine,46347.54,JH4DC53026S065784
Mazda,Miata MX-5,2009,Red,9747.21,JTDKDTB36E1294074
Ford,LTD Crown Victoria,1987,Pink,141524.41,2HNYD283X7H676781
Volvo,S40,2005,Mauv,144597.84,JHMGE8G32DC872052
Chevrolet,Tahoe,2002,Puce,37040.96,1C4PJLAK9CW084155
Ford,Bronco,1989,Pink,47818.76,1GYS3JEF7ER744744
BMW,6 Series,2004,Crimson,15079.55,1GD01ZCG2BF203557
GMC,Safari,2005,Crimson,13397.95,WAUNF98P18A605870
Hummer,H1,1995,Khaki,82145.32,1GYS4DEF5BR365462
Buick,Regal,1986,Goldenrod,124254.92,WAUBF78E58A825700
Volkswagen,Golf,1998,Orange,45118.79,SCBZK25E43C682582
Volkswagen,New Beetle,2003,Mauv,71682.80,5J8TB18278A024483
GMC,Savana 1500,2001,Puce,72958.89,1G6DL1E39D0667322
Dodge,Dakota Club,2005,Mauv,6950.09,WBSDE93443C418126
Infiniti,Q,2005,Aquamarine,122602.53,19XFA1F35BE251539
Honda,CR-V,2008,Green,80605.86,1FTEW1CM3EF045525
Mitsubishi,Excel,1987,Yellow,42153.75,WA1LMAFE2CD053400
Infiniti,J,1993,Green,95820.25,SCBCP73W69C404971
Ford,Mustang,1996,Crimson,14297.47,WAUCVAFR0BA667848
Pontiac,G6,2006,Fuscia,11718.83,1G6YV36A985515831
Geo,Prizm,1996,Puce,103600.31,1G4HR57Y78U127751
BMW,3 Series,2006,Teal,29053.83,1GYFC53269R068320
Volkswagen,Corrado,1992,Puce,112888.36,YV1672MKXA2089461
Mercury,Milan,2009,Crimson,48358.05,KNDMA5C17F6758861
Infiniti,J,1997,Mauv,136210.75,WBABV13405J053603
Pontiac,Grand Prix,1999,Blue,4152.94,2B3CA5CT6AH036979
Mitsubishi,Galant,2004,Green,65719.18,2D4RN6DX6AR455187
Land Rover,Discovery,2005,Green,132269.13,WAUDH78E97A542654
Suzuki,Swift,1990,Teal,54990.17,WAUVVAFR7CA647106
Buick,LeSabre,1998,Fuscia,32861.79,WBAGN63565D936227
Dodge,Ram Van B150,1994,Goldenrod,72365.05,WAURV78T38A907957
Honda,Element,2006,Pink,101860.24,WAUEH74F56N164388
Dodge,Ram 1500 Club,2001,Crimson,103274.35,WAUHF98P89A904738
Toyota,Solara,2001,Khaki,18845.39,2B3CA5CT4AH388586
Mazda,MX-5,2010,Maroon,55214.77,2LMDJ6JK1DB762159
Chrysler,Aspen,2007,Yellow,52526.50,WBSDE93401B226737
Mazda,MX-5,1998,Crimson,129658.09,3C63D3HL3CG819318
Mitsubishi,Diamante,2004,Orange,114416.70,WVGAV3AX3DW115726
Chevrolet,Express 3500,1997,Indigo,129306.32,1G6KF57951U435084
Dodge,Shadow,1993,Violet,45662.74,3N1AB7APXFL411875
Volkswagen,Golf,1983,Violet,87982.94,WBA3B3G58EN765488
Audi,S4,2007,Crimson,17531.27,3LNHL2GC3CR379873
Subaru,Outback,2005,Purple,53347.04,1N6AD0CW5EN062073
Chevrolet,Monte Carlo,2005,Goldenrod,103973.84,JH4KA96561C971130
Daewoo,Leganza,2001,Violet,129891.08,1G6DM8EG5A0767633
Dodge,Ram Van B250,1994,Red,143113.31,WAUEV74F37N999478
Mitsubishi,Mirage,1991,Aquamarine,9747.31,SAJWA4FB0CL808120
Mazda,Mazda3,2006,Orange,122926.19,WBA3B1C56FP437101
Volkswagen,Passat,2007,Goldenrod,142830.16,JN8AZ1MU7CW278459
Porsche,911,1988,Orange,67108.98,WAUJC68E03A744031
Dodge,Ram 2500,1997,Aquamarine,46988.51,WUARL48H86K022344
GMC,2500 Club Coupe,1997,Indigo,134510.01,1G6AC1R33F0860517
Pontiac,6000,1986,Yellow,78763.07,5TDDK3DC6CS274676
Chevrolet,Colorado,2007,Maroon,85788.36,1FT7W2A65EE861399
Dodge,Ram Van 1500,2003,Turquoise,9149.85,1FTEW1CF2FF245699
Ford,F-Series Super Duty,2009,Mauv,101613.20,JTHBK1GG9D1269558
Eagle,Vision,1995,Orange,100180.00,1FTMF1CW4AF545779
Land Rover,LR4,2010,Turquoise,18706.53,2T1BURHE8FC746888
BMW,545,2005,Fuscia,83363.30,WAUPL68E55A537826
Mercedes-Benz,SL-Class,1987,Indigo,122465.56,WAUDT48H45K816342
Toyota,Celica,1998,Violet,43158.60,JN1AJ0HP0BM537629
Suzuki,XL-7,2008,Fuscia,78666.58,1GYEE23A690698130
Chevrolet,Astro,2005,Crimson,92032.16,JTEBU5JR4D5781651
Pontiac,Sunbird,1991,Purple,8029.34,5UXZV4C54BL505840
Mazda,Mazda5,2006,Purple,87458.84,1GYUKGEF9AR064370
GMC,Savana 1500,1997,Purple,56226.42,3D73Y4HL0BG567941
Pontiac,Grand Prix,1970,Maroon,98322.90,1GKUCHE06AR834629
GMC,1500 Club Coupe,1992,Aquamarine,96612.34,1G4GE5G35EF374729
Volkswagen,GTI,2009,Green,127202.06,1N4AL2AP9AC649496
Toyota,Highlander,2009,Teal,2322.61,WDDNG7BB2BA305690
Mazda,B-Series Plus,1993,Khaki,119835.54,JN8AS5MT9CW034086
Panoz,Esperante,2007,Indigo,88639.69,19UUA56783A423733
Porsche,Carrera GT,2005,Green,83004.04,1G6KD57Y09U918779
Chevrolet,S10,1995,Turquoise,129836.12,WVGEF9BP4ED754839
BMW,760,2003,Violet,82945.86,2C4RVAAG8CR913951
Chevrolet,Camaro,1982,Maroon,121330.24,WAUNF98P77A315941
Cadillac,Eldorado,1998,Turquoise,120738.85,WBA3F9C59EK181910
Honda,Civic,1994,Teal,61387.25,5N1CR2MN4EC254459
Renault,Alliance,1983,Pink,39913.98,YV126MEC9F1599818
Land Rover,LR3,2008,Blue,61280.49,WA1CV94L09D518634
Chevrolet,Blazer,1998,Maroon,53548.11,WAULT54B13N300812
Plymouth,Voyager,1999,Fuscia,4507.98,JTDBT4K37B1807269
Chevrolet,Corvette,1988,Puce,73469.95,WA1YD64B92N196414
Mitsubishi,Galant,2000,Crimson,98389.14,3VW4T7AT2DM884422
Hyundai,Tiburon,2000,Purple,49739.00,1C3CC4FB9AN496199
Chevrolet,S10,1996,Mauv,8076.01,3C4PDDEG2CT564966
Honda,Civic,1993,Pink,144989.43,19UYA41723A981967
GMC,Sierra,2009,Goldenrod,52628.21,4A31K5DF8AE983263
Toyota,Avalon,1999,Indigo,115555.68,WAUAF98E26A964381
Nissan,Versa,2008,Purple,88023.42,WBAUN93588V024749
Mercedes-Benz,C-Class,1993,Goldenrod,140752.53,WBA1F9C57FV863966
Nissan,GT-R,2012,Violet,48248.85,5NPEB4AC1CH643013
Mazda,Mazda3,2005,Khaki,53076.26,1FMCU0C75AK073115
Ford,Focus,2001,Khaki,118711.92,4A31K2DF9BE036684
Mercury,Grand Marquis,1998,Teal,67068.16,5UXZV8C50CL099628
Plymouth,Acclaim,1995,Goldenrod,56380.50,19UUB2F58FA511468
Toyota,Avalon,1995,Crimson,110717.60,2T1BURHEXEC363582
Dodge,Viper,1995,Yellow,19200.27,1FTEW1CM0DK485997
Lamborghini,Countach,1988,Goldenrod,120822.57,JN8AZ2KR0CT293729
Audi,S4,2006,Puce,103449.59,WDBSK7BA4CF706390
Chevrolet,S10,1995,Yellow,54792.12,1GYUKBEF9AR820556
Buick,Roadmaster,1992,Fuscia,76209.49,1G6KD57Y19U042837
Chrysler,Pacifica,2005,Maroon,148034.39,19UUA9F20BA309848
Pontiac,Montana,2005,Fuscia,66345.15,KNADH4A37B6955577
GMC,Savana,2009,Pink,122410.75,5XYKT3A63FG113562
Isuzu,Amigo,1992,Puce,28397.74,1FTWW3A5XAE294934
Ford,Escort,1993,Mauv,62389.65,SCBLF34F33C716490
Toyota,Venza,2009,Purple,17295.65,1C4AJWAG9EL179239
Honda,Odyssey,2004,Turquoise,38415.86,4A31K5DF2AE593291
Honda,Crosstour,2012,Indigo,92457.28,4A4AP3AU4DE350493
Kia,Rondo,2007,Maroon,105753.38,1GKS1EEFXDR004045
Nissan,Pathfinder,1999,Blue,101124.97,WAUJT64B32N751624
Lincoln,Continental,1991,Violet,18095.79,WAUZL54B91N782890
Hyundai,Accent,2006,Goldenrod,86077.26,JH4DB859X1S689907
Mercury,Sable,2009,Aquamarine,122709.67,JTDZN3EU8D3855698
Toyota,Solara,2008,Green,51662.46,VNKKTUD37FA652006
Hyundai,Sonata,1994,Pink,10195.05,KL4CJHSB3FB378862
BMW,Alpina B7,2008,Teal,21897.31,2T1BURHE2FC309629
Jaguar,XJ,2006,Turquoise,86633.03,WAUHF98P77A643129
Toyota,Prius,2006,Fuscia,34540.92,1GKS1KE03DR584135
Buick,LeSabre,1993,Purple,18115.53,WDDEJ7GB8BA569135
Infiniti,Q,1998,Purple,3488.85,2C3CA5CVXAH583953
Lincoln,MKS,2012,Puce,94425.86,WBAFR9C57BD113612
Infiniti,G25,2012,Khaki,18205.18,1G4GE5G34FF503304
Buick,LeSabre,1991,Crimson,83976.67,WP0CB2A86FS809930
Nissan,GT-R,2013,Violet,59291.14,1N6AF0KX8FN300603
Suzuki,SJ,1991,Purple,105835.51,1GYS3GEF1BR559085
Toyota,Sienna,2009,Fuscia,116624.75,JN1AY1AP3DM074352
Mazda,Protege,2000,Crimson,63874.15,1FTFW1E87AF680567
Dodge,Spirit,1993,Goldenrod,48135.71,3VW4A7ATXDM389567
Land Rover,Range Rover Sport,2007,Fuscia,49110.65,1YVHZ8BH4B5105778
Mitsubishi,Diamante,1993,Violet,148891.44,WBAYP1C52FD175652
Nissan,Leaf,2012,Fuscia,123435.51,SCFEBBAK9BG429029
Mercedes-Benz,G-Class,2011,Aquamarine,76827.18,5N1AZ2MHXFN345744
Mercury,Grand Marquis,2006,Purple,55438.08,1G6DC8E34E0655749
Pontiac,Firebird Trans Am,1986,Turquoise,61497.76,2T2BK1BA2FC481510
Mercedes-Benz,SLR McLaren,2007,Green,8572.06,3C63DRMLXCG039535
Bentley,Arnage,2008,Khaki,83344.48,2T2BK1BA3BC864950
Audi,90,1988,Orange,90457.46,WBA5B1C53ED782000
Pontiac,Grand Prix,1988,Maroon,4209.32,4USBT33515L205304
Cadillac,STS,2005,Goldenrod,109318.21,2LMHJ5AR2BB951960
GMC,Rally Wagon 3500,1994,Yellow,36849.00,4JGCB2FE5BA173172
Mercury,Tracer,1989,Purple,70526.88,4A31K3DT2AE272135
Mazda,B-Series,2005,Orange,71058.03,3C6LD5BT3CG193080
Chrysler,Fifth Ave,1993,Crimson,113804.60,SAJWJ0FF1F8435947
BMW,M5,2002,Crimson,29857.68,WUAYU48H98K905865
Mercedes-Benz,CLK-Class,2009,Orange,29253.96,1FTEX1CV4AF256183
Chevrolet,Corvette,1984,Indigo,33114.41,KNAFT4A23B5243376
Mercedes-Benz,CL-Class,1999,Purple,24831.81,1FMJK1G53AE610008
Pontiac,Sunfire,2004,Goldenrod,124180.46,WAUKG68E55A266958
GMC,Jimmy,1996,Crimson,53360.26,5FRYD3H28EB344228
Ford,F150,1995,Violet,15226.16,2C3CDXCT6FH661489
Chevrolet,Cavalier,2004,Puce,71254.04,2T2BK1BA8FC891650
Chevrolet,Avalanche 2500,2004,Red,87248.65,1FBNE3BL7BD872771
Aptera,Type-1h,2010,Khaki,39632.68,WBAYM9C52ED905937
Volkswagen,GTI,2000,Green,15882.06,JN8AZ2KR3DT368991
BMW,6 Series,1989,Fuscia,89764.98,WBAEV33443P598173
Porsche,968,1993,Turquoise,42962.16,2G61T5S33D9548816
GMC,Vandura 1500,1992,Mauv,83947.55,WBAFZ9C54DD478672
Chevrolet,Tahoe,1995,Turquoise,86742.61,SCFAB42321K419018
Lexus,GS,2010,Purple,9976.07,WAUGFAFR1DA145280
Mitsubishi,Pajero,2005,Goldenrod,24399.84,2G4WN58C891433991
Chrysler,Concorde,1996,Pink,59591.14,JA4AS2AW7DU538765
Toyota,Highlander,2009,Maroon,116160.92,1FTEX1C88AF831332
Chevrolet,Monte Carlo,1996,Yellow,111336.65,JN8AS5MT6BW665604
Mercedes-Benz,SL-Class,1985,Purple,58096.29,3VW467AT6DM126316
Subaru,Impreza,2003,Crimson,68999.69,WAUKF68E45A907410
Cadillac,Eldorado,2002,Fuscia,144397.57,WA1VMAFE8BD891213
Mitsubishi,Pajero,2001,Aquamarine,42960.33,1FTSX2B54AE610347
Lexus,SC,1999,Puce,40194.32,WBA4B3C58FG731924
Ford,Excursion,2002,Turquoise,121144.42,WAUHF78P78A517441
Hyundai,Azera,2011,Turquoise,108514.27,JA4AD2A35EZ687163
Mitsubishi,Lancer,2001,Pink,130047.05,WA1AY94L18D115257
Maserati,Spyder,2003,Crimson,13898.03,1GKMCAE3XAR202511
Subaru,Outback,2007,Blue,139112.94,3FA6P0D96DR078809
Volkswagen,New Beetle,2009,Pink,20842.14,1N6BF0KX7FN990302
Land Rover,Range Rover,1987,Goldenrod,73891.26,3D73M3HL6AG719791
Nissan,Altima,2003,Green,26338.94,WBASP4C57BC539524
Chevrolet,Sportvan G30,1992,Teal,5411.46,2G4WE587X71707773
Suzuki,XL7,2007,Turquoise,120428.10,WAUDF78E08A190412
Volkswagen,Rabbit,2008,Turquoise,144786.63,WBSDE93472B951592
Dodge,Ram 1500 Club,1997,Goldenrod,121759.87,1N6AF0LY4EN916840
Nissan,Versa,2008,Teal,45905.96,WBAVB73527V412608
Mitsubishi,Montero,2004,Teal,81274.59,KL4CJGSB0FB146973
Suzuki,XL7,2007,Goldenrod,140729.92,JM1NC2EF0A0973158
Chevrolet,Suburban 2500,2010,Red,62063.31,4T1BK1EB8FU641350
Ford,Explorer,1991,Khaki,28502.93,3D73M3HL7BG629017
Land Rover,Freelander,2011,Khaki,8751.22,1GD12YEG6FF472370
Chrysler,Fifth Ave,1993,Aquamarine,98245.66,5XYKT3A1XBG195935
Isuzu,Oasis,1997,Mauv,149677.80,1GYS3TKJ0FR629893
Ford,F-Series,1985,Green,104015.16,3N1BC1AP2AL670707
Mitsubishi,Galant,2010,Violet,71694.82,WDDJK7DA1DF395986
Ford,Taurus,1987,Indigo,129443.99,SAJWA2EK6EM691730
Kia,Rio,2006,Crimson,92567.80,3N1BC1AP7AL885631
Subaru,Legacy,1998,Goldenrod,40442.85,1G6DP577370548780
Land Rover,Defender,1997,Teal,85876.80,JTHBE1BL0F1799058
Lincoln,Town Car,2003,Red,33274.73,WBAUN1C51CV160232
Chevrolet,Monte Carlo,2004,Turquoise,120460.33,WBAFR1C58BC071782
Mercedes-Benz,E-Class,1998,Puce,36582.15,WBADX7C56BE864308
Ford,E-Series,1994,Orange,121126.33,SCFAD01A65G490900
Mercedes-Benz,500SL,1992,Turquoise,89231.93,1GKS1HE02CR392299
Ford,F150,1998,Khaki,128865.73,1FTSW2B59AE794347
Pontiac,Grand Am,1992,Teal,140108.97,4T1BK3DB7BU443365
Saturn,VUE,2008,Purple,79989.15,SCFFDABE7CG247445
Dodge,Ram 3500,2003,Indigo,74578.65,1GD312CG0CF791156
Buick,LeSabre,1986,Aquamarine,47237.99,WBAPH5C50BA614097
Land Rover,Range Rover,2007,Red,22895.59,KMHHT6KD5AU201346
Plymouth,Laser,1989,Blue,148966.50,1G6DK5EY3B0206801
Daewoo,Nubira,2000,Violet,25615.90,1N6AF0LY4FN231528
GMC,Savana Cargo Van,2006,Goldenrod,50426.92,JTHSE5BC5F5507081
Mazda,B-Series,1991,Mauv,66033.36,WBAVA33577P002936
Mazda,MX-5,2009,Blue,103459.43,JTHSE5BC8F5735625
Mitsubishi,Endeavor,2008,Pink,22988.54,1G6DV57V990918735
Volkswagen,Corrado,1993,Pink,146070.22,1FTFW1E86AK711377
Buick,Rainier,2007,Pink,49132.74,3N1CN7AP2EK590854
Dodge,Ram Van 3500,2000,Khaki,103672.95,1G6DH8E58C0335141
Mazda,MX-5,2010,Violet,50830.86,1G6DK1E33D0582155
Mercedes-Benz,300E,1993,Green,100285.98,5FNYF3H2XEB803559
Infiniti,QX,2011,Violet,51510.26,2C3CCAETXCH418731
Toyota,Celica,2001,Teal,145617.45,JM1NC2MF8D0773022
Subaru,Legacy,1992,Red,146152.06,YV4940BZ6E1394898
Plymouth,Acclaim,1994,Khaki,149537.41,JH4KC1F57FC592334
GMC,Sierra 1500,2007,Violet,101001.99,1G6KY54991U066051
Mazda,GLC,1984,Red,116622.15,5NPDH4AE0EH123951
Ford,Crown Victoria,2004,Blue,55586.42,WBAHN83546D964321
Acura,TL,2003,Turquoise,111463.48,KNAFK4A67E5387071
Chevrolet,Aveo,2005,Mauv,2964.50,5J8TB1H25CA861533
Mitsubishi,Truck,1996,Yellow,34570.99,1GKS1KE07ER688371
Smart,Fortwo,2010,Red,64252.20,WVGFG9BP0CD790185
Hummer,H2,2004,Goldenrod,66456.34,1G6DU6EVXA0576065
Volkswagen,Cabriolet,1998,Purple,84717.19,JN1AY1AP8BM064350
Jeep,Cherokee,2000,Purple,72022.14,1N4AL2AP5AN994061
Nissan,Altima,2001,Violet,36674.79,WDDGF5EB7BA490542
Ford,Bronco II,1987,Fuscia,97070.00,WBA3N3C55EK996427
Hyundai,Santa Fe,2006,Khaki,71689.08,JN8AS5MT5CW151860
Toyota,Previa,1992,Yellow,95155.70,TRURD38J991298667
Mercury,Grand Marquis,2007,Teal,37742.86,3VW507ATXFM654790
Buick,Regal,2000,Orange,96463.82,1N4AL2AP7AC298135
Ford,F150,2001,Fuscia,118789.40,JN8AZ1MU8AW817121
Mitsubishi,Challenger,1999,Goldenrod,9924.31,1N4AA5AP0DC066360
Dodge,Stratus,2004,Maroon,93380.71,WAUSF98K69A629056
Acura,NSX,2002,Fuscia,102908.95,WBASN4C53AC433544
Hyundai,XG350,2003,Red,91069.85,WAUEG98E76A296060
BMW,3 Series,1998,Maroon,67029.92,1N6AA0CA3DN087355
Porsche,Cayman,2010,Aquamarine,130115.31,2G4GP5EC6B9216787
Ford,Thunderbird,2003,Maroon,28394.12,1G6DR57V080581472
Chrysler,Pacifica,2006,Pink,112132.56,WBAGL83585D935887
Suzuki,Reno,2006,Khaki,13616.25,WAUAF98E17A106790
Mitsubishi,Starion,1985,Goldenrod,5227.59,JHMZF1D45CS250480
Jeep,Wrangler,2002,Puce,71080.16,5NMSG3AB2AH146567
Ford,Festiva,1989,Maroon,85993.64,1FTEX1CM4BK103044
Chevrolet,Suburban 1500,2009,Indigo,2640.51,WBAUP3C52BV587651
Plymouth,Laser,1990,Puce,126060.86,1G6YX36D185385743
Mitsubishi,Mirage,1996,Orange,60090.48,1GKS1GEJ8BR516819
Honda,Odyssey,2002,Maroon,89571.46,2G4WE587881066088
Buick,Riviera,1995,Yellow,24838.63,5J8TB4H79GL131437
Ford,Econoline E150,1995,Green,15288.42,1FTMF1CW4AF798164
Lexus,GX,2005,Crimson,135862.97,3D7JV1EP1AG520874
Ford,Escort,1993,Mauv,61408.64,JN1AZ4FH8FM002744
Porsche,911,1986,Yellow,61601.93,JM3ER2W39A0719071
Cadillac,Catera,2000,Crimson,60890.31,WBA3R5C56EF642747
Chevrolet,Camaro,1976,Turquoise,8246.13,5TFBW5F14BX354845
Land Rover,Range Rover,1997,Teal,46133.91,3TMJU4GN4EM471722
Nissan,Altima,1995,Crimson,59419.05,WBAYM1C53ED764717
Mazda,RX-8,2011,Puce,117586.61,5TFAW5F13EX409110
Chevrolet,G-Series G10,1995,Crimson,22804.98,2B3CK5CT9AH516768
Chrysler,Concorde,1996,Goldenrod,24564.84,3C63DPBL6CG505534
Oldsmobile,Aurora,2002,Red,28725.43,1N4AB7AP3EN462992
Mazda,929,1993,Mauv,56569.44,JN1CV6EK2CM521992
Kia,Sportage,2012,Puce,145319.05,19VDE1F78FE208097
BMW,Z4 M,2007,Khaki,33714.95,1G6AP5SX3F0847324
Mercedes-Benz,CLK-Class,2008,Red,16221.78,5UMDU93436L689527
Land Rover,Discovery,1995,Khaki,42206.34,KNAGG4A85A5306652
Mercedes-Benz,CLK-Class,2004,Teal,99563.91,KMHTC6AD3EU571292
Kia,Carens,2009,Purple,48093.25,4T1BF1FKXEU473342
Ford,Freestyle,2007,Crimson,133317.73,JH4CL96905C003175
Chevrolet,Monte Carlo,2003,Blue,106799.96,1FTFW1E89AK394369
Dodge,Ram Van 2500,2003,Yellow,117380.00,1FT7W2A63EE736031
Dodge,Ram 3500 Club,1997,Fuscia,82702.24,2FMDK3AK8DB223736
Mercury,Montego,2005,Crimson,131576.98,1G6AR5SX5F0133804
Chevrolet,Caprice,1991,Blue,106016.37,2C3CCAJGXDH348335
Chevrolet,G-Series G10,1994,Yellow,113866.82,WBADS43402G791767
Ford,Aerostar,1996,Green,25951.70,1G6DG5E54D0276611
Maybach,62,2007,Yellow,136171.79,WBAWL7C58AP792860
Hyundai,Elantra,2008,Khaki,110586.04,WBAEV334X4P534110
Acura,MDX,2010,Red,58560.35,YV1960BW9A1200288
Mazda,Protege,2001,Puce,50529.99,JHMZF1D41CS132667
Ford,Transit Connect,2012,Mauv,127331.92,4JGBB9FB3BA641751
Suzuki,Daewoo Lacetti,2005,Violet,128748.37,WAUWFAFRXCA330017
Ford,Courier,1988,Puce,34924.26,2T1BU4EE3DC204537
Nissan,Armada,2012,Red,13972.08,1FTEW1CF1FF806457
Subaru,Justy,1993,Mauv,72866.49,JM1BL1H3XA1501395
Mazda,RX-7,1987,Fuscia,17428.00,WAUNF78P26A577899
Toyota,Venza,2012,Purple,145460.96,1HGCR6F33FA379779
Dodge,Viper,1993,Turquoise,148319.87,4T1BD1EB9FU919568
Isuzu,Hombre,2000,Khaki,142484.15,WBA4A7C5XFG704797
Volkswagen,Fox,1991,Red,58753.02,5N1BA0ND9FN604638
Lexus,RX Hybrid,2006,Green,46877.48,JN8AZ1MU5CW806001
Dodge,Ram 2500,2005,Indigo,38982.44,SALAB2D40CA237537
BMW,M3,2002,Fuscia,27651.16,WBAPM7C5XAE343869
Mercury,Marquis,1986,Fuscia,61839.70,KMHDB8AE0AU359231
Toyota,Camry,2010,Yellow,132727.00,WBAKA4C58CC172443
Cadillac,STS,2010,Red,56742.48,W04GS5EC0B1890712
Volkswagen,Cabriolet,1985,Aquamarine,128629.59,WBA3B1C57F5923699
Subaru,BRZ,2013,Pink,60742.70,1GTG5AE32F1114528
Pontiac,Bonneville,1996,Blue,69750.45,1GYS3NKJ5FR418572
Mercedes-Benz,W201,1990,Orange,93092.84,WUADNAFG9AN314234
Chevrolet,Cobalt,2005,Crimson,147163.55,5UXWX7C5XDL510543
Ford,E-Series,2009,Fuscia,123340.87,3VW4A7AT9CM434254
Mercedes-Benz,C-Class,2007,Pink,106086.99,1G6AR5S38E0999167
Hyundai,XG300,2001,Yellow,57807.92,WDDHF8JB7DA212335
Chevrolet,Tracker,1999,Green,63751.88,WBAWL73519P878295
Infiniti,Q,2000,Pink,20300.00,2C4RRGAGXER542723
Mercedes-Benz,S-Class,2010,Indigo,11358.25,WBA3N5C52EF509480
Oldsmobile,Bravada,1998,Goldenrod,80757.95,1G4HP54K82U606855
Dodge,Ram Van 3500,1997,Fuscia,70939.33,W04GT5GCXB1840751
Chevrolet,Malibu,2006,Blue,77276.16,1FTEX1CM5BK342327
Subaru,Legacy,1991,Blue,107918.55,1GYEK63N44R425632
Pontiac,Firebird,1991,Pink,23084.17,WAUHE98P09A538633
Ford,Explorer Sport,2001,Turquoise,67369.22,SCBEC9ZA7EC253872
Buick,Electra,1990,Turquoise,65116.52,3C63DRBLXCG353625
Chevrolet,Silverado 3500,2005,Maroon,136638.10,WUAYU48H58K716176
GMC,Sonoma,1996,Khaki,90778.45,SCFEFBAC0AG002320
Mercedes-Benz,SLR McLaren,2008,Mauv,128652.01,3D7TT2CT0BG724488
Chevrolet,Impala SS,1995,Orange,15858.83,WAU4FAFR9CA066506
GMC,Vandura G1500,1995,Aquamarine,99137.74,3MZBM1K75FM129626
Pontiac,Firebird,1986,Orange,117494.38,1G6YX36D785999874
Morgan,Aero 8,2006,Blue,53843.99,WBAEB5C50AC868484
Ford,Freestar,2005,Pink,88501.81,JN1CV6EK2BM828447
Oldsmobile,88,1999,Blue,88999.08,WA1CMAFE0ED288932
Hyundai,Sonata,2001,Blue,128862.39,WA1WMAFE2ED539544
Subaru,BRZ,2013,Khaki,146990.82,2HNYD18895H812983
Mazda,B-Series,1999,Pink,16577.84,1FAHP2D89FG565590
Lexus,GS,1994,Yellow,115751.04,JM3TB2MA8A0694032
Pontiac,Bonneville,1967,Khaki,24848.18,WBA3B9G5XEN067628
GMC,Yukon,2004,Puce,76764.03,WBA3C3C5XEP329233
Toyota,TundraMax,2008,Crimson,133259.30,WAUXU54B63N781123
Mitsubishi,GTO,1995,Puce,94411.92,KNDPB3A2XB7751143
Acura,Legend,1995,Maroon,42515.75,WAUBGAFB3BN343441
Toyota,Land Cruiser,2010,Turquoise,114146.08,WA1WMBFE0DD498321
Mercedes-Benz,R-Class,2010,Mauv,121702.55,5TDBM5G12CS966067
Mercedes-Benz,SL-Class,2009,Maroon,81702.74,WAUAGAFD5DN729293
Honda,Fit,2008,Teal,62493.58,3VW517AT9EM970001
Honda,Civic Si,2006,Red,64688.41,1GYS4HEF9BR019597
Honda,Insight,2012,Pink,109474.77,WDDGF5EB6BR892277
Nissan,Titan,2008,Indigo,28907.28,WBAYG6C56FD192774
Nissan,Pathfinder,2011,Teal,48082.22,KNDPB3A21C7434479
Buick,Park Avenue,2005,Turquoise,100471.54,KNAFX6A8XE5191057
Honda,Civic,1998,Red,120789.82,2C3CCAKG8EH444934
Toyota,Camry,1992,Turquoise,64995.03,WAUKH78E37A316682
Toyota,4Runner,1998,Purple,121325.16,2G4WB55K831658925
Mercury,Tracer,1988,Aquamarine,72512.08,5UXWY3C51F0459816
Chevrolet,HHR,2009,Maroon,12834.89,1C4SDHCTXEC879806
Maybach,62,2005,Fuscia,104747.68,WBAWC73568E499982
Pontiac,Grand Prix,1977,Pink,129604.99,4A31K2DF9CE232545
Saturn,Aura,2007,Mauv,70033.52,2C3CA2CV3AH193615
Bentley,Continental Flying Spur,2009,Fuscia,99978.18,4T1BD1FK1FU017043
Mercury,Tracer,1998,Goldenrod,6582.44,JTEBU4BF9AK633359
Chevrolet,Camaro,1993,Crimson,107636.11,JH4CU2F67BC726379
Cadillac,Eldorado,2000,Puce,129593.08,3C3CFFDR3FT483149
Toyota,Celica,1982,Orange,37465.41,1GYS3AEF7BR286182
Dodge,Durango,1998,Puce,137604.85,SALAB2V60EA340735
Pontiac,Montana,2004,Teal,93077.17,1J4NF1FB7BD018214
Mercedes-Benz,500SEL,1992,Violet,7586.24,SCFFDCBD3AG929092
Ford,F350,2001,Turquoise,57608.09,1D7RE3GK2BS985030
Chevrolet,Sportvan G20,1994,Khaki,103531.81,1G6DV1EP7C0730848
Lincoln,MKT,2012,Mauv,56927.74,WAUGFAFR0AA884068
Suzuki,Daewoo Lacetti,2005,Blue,142883.96,5GADS13S172108805
Dodge,Viper,2005,Goldenrod,92517.86,ZHWGU5AU6CL699680
BMW,X6,2009,Turquoise,98625.72,2G4WB52K521988637
Pontiac,Firebird,1969,Yellow,135459.53,WAUAC48H33K335899
Hyundai,Veloster,2013,Maroon,15972.55,3N1AB7AP8FY922827
Porsche,Boxster,2005,Yellow,35193.99,WBAVA37588N578655
Honda,Civic,1994,Aquamarine,85950.93,1FTSX2B54AE191352
Porsche,Boxster,2002,Khaki,69961.56,WBAKB4C51CC227165
Chevrolet,Camaro,2000,Indigo,136490.94,JM1GJ1T61E1060162
BMW,530,2001,Maroon,73109.27,1G6DS5E37C0186719
Mazda,626,1986,Khaki,62447.29,WBAWR3C59AP712599
Kia,Sportage,2002,Green,102432.49,1FTWX3A53AE524973
Plymouth,Laser,1990,Violet,133687.61,2T1KE4EE7DC827155
Chevrolet,Vega,1971,Blue,129219.72,1N4AL3AP5DC666855
Acura,TSX,2007,Aquamarine,73858.42,1G6DJ577380058066
Hyundai,Accent,1995,Turquoise,60713.52,3N1CE2CP1FL632457
Suzuki,Verona,2004,Purple,112914.82,JM1NC2PFXF0587206
Aston Martin,V8 Vantage,2011,Turquoise,11402.07,3LNHL2GC4CR345408
BMW,M3,2001,Aquamarine,39580.45,WAUGFAFR7DA254374
Dodge,Dakota,2005,Yellow,16047.93,5N1AT2MK7FC669727
Pontiac,Grand Prix,1981,Blue,56078.96,5UXWX5C54BL901365
Bugatti,Veyron,2009,Khaki,61890.60,3N1AB6AP7AL520524
Volkswagen,Passat,1994,Indigo,10324.39,WAUMGBFLXBA053437
Audi,A4,2008,Maroon,99470.22,WBAYA8C55FG197329
Dodge,Dakota,1995,Mauv,3537.13,WBAYP9C53DD481948
Mitsubishi,Galant,2006,Violet,77909.94,WBAPK5C5XBA704889
Mercury,Grand Marquis,1990,Orange,101533.24,JTHBK1EG6A2914496
Jeep,Grand Cherokee,2006,Khaki,17853.10,19UUA9F28EA824214
Oldsmobile,Cutlass Supreme,1997,Indigo,94448.16,5NPDH4AE9BH336229
Pontiac,Firefly,1989,Red,55368.28,3D73M4CL4BG431928
Ford,Fairlane,1965,Aquamarine,128673.37,5YMGZ0C59CL793014
Chevrolet,Express 3500,2003,Violet,133082.14,3N1CN7AP3EL126806
Lexus,LX,1998,Violet,118068.05,WBADS334X3G022396
Nissan,Titan,2008,Maroon,83699.99,1FTEW1CF1FF567346
Plymouth,Neon,2000,Indigo,53462.36,JN1CV6AP2CM015208
Audi,Coupe GT,1986,Violet,35791.14,3C6TD5JT1CG643357
Volvo,XC90,2009,Pink,103515.86,WAULF78K99A089470
Volkswagen,Passat,2004,Red,23200.01,1C3BCBFG0EN228868
Lincoln,MKT,2010,Goldenrod,133037.54,WVWAP7AN6DE973458
Oldsmobile,Cutlass,1999,Green,60530.37,WDCGG0EB3FG564241
Mercedes-Benz,500SL,1993,Maroon,128172.34,3N1AB7AP3FY867767
Smart,Fortwo,2012,Yellow,140149.00,1G4GE5EV2AF026367
Nissan,Quest,2012,Yellow,104352.54,WAUVFAFH3AN994863
Saab,9-4X,2011,Goldenrod,95050.84,WBANB33534B349525
Ford,Mustang,1974,Red,64491.88,WAULD64B22N309116
Mercedes-Benz,S-Class,2005,Goldenrod,103282.68,4T1BK3DB4BU987029
Saab,9-3,2004,Khaki,111178.16,1N6BF0KL3FN001019
Chevrolet,Camaro,1985,Indigo,99915.14,SALGS2TF6FA611313
Lotus,Exige,2010,Turquoise,117730.04,1GYEE637990760745
Audi,A3,2008,Orange,84606.28,19XFB2E53DE371381
Nissan,Quest,1997,Aquamarine,145608.93,WAUAG78E06A021827
Ford,Freestar,2006,Teal,43668.94,WBASN0C55DD542370
GMC,Sierra 3500,2012,Indigo,120576.35,3C4PDCEG5ET803312
Land Rover,LR2,2008,Maroon,136019.36,WP0AA2A95BS221935
Audi,Q5,2009,Blue,17756.52,JM3TB2BA9B0870221
Toyota,Sienna,2009,Green,121588.25,JN8AE2KPXE9345281
Mercedes-Benz,SL-Class,2004,Green,31054.92,KNAFK4A63F5496645
Mitsubishi,Precis,1993,Orange,72321.00,WUADNAFG9AN377768
Dodge,Ram Van B350,1992,Khaki,29256.66,JM1GJ1T67E1216933
Subaru,Forester,2006,Puce,38941.72,1G6AF5S33E0932498
Buick,Park Avenue,2004,Maroon,60295.59,2C4RDGEG1FR578908
Buick,Park Avenue,1999,Maroon,148189.62,1N4AL3AP7DC923840
Plymouth,Breeze,1998,Goldenrod,125006.68,19UUA66218A399941
Oldsmobile,Alero,2000,Pink,52723.09,JN8AZ1MU0AW915317
Chevrolet,Silverado 2500,2010,Crimson,129974.38,3C6TD5GT3CG652682
Mazda,CX-7,2009,Purple,124852.86,5FRYD4H8XFB861901
Chevrolet,Impala,2001,Puce,85215.97,WAUPEAFM3BA028773
Ford,Transit Connect,2013,Indigo,20030.94,SCFEFBBC8AG922422
Toyota,Xtra,1994,Maroon,135314.02,1GYS4BKJ3FR696043
Toyota,MR2,1985,Goldenrod,128008.29,3C3CFFER7FT125907
Nissan,Sentra,1999,Crimson,75029.02,JN1AZ4EH3DM988618
Mitsubishi,Sigma,1989,Crimson,69448.68,1FMJK1H50EE098468
Ford,Econoline E350,1995,Indigo,117963.23,WBA3C3C55EF722210
Hyundai,Tucson,2009,Aquamarine,70987.26,1G4GD5G31EF384998
Ford,Ranger,1998,Purple,27916.96,3C3CFFDRXCT833775
Acura,NSX,1994,Mauv,8879.64,2HNYD28358H153203
Pontiac,Montana,2006,Green,128025.45,SCFAD02E49G578142
Lexus,LS,2009,Goldenrod,22825.95,1GKS1EEF8ER871204
Cadillac,Escalade ESV,2003,Goldenrod,127863.22,KNALN4D79E5905468
Mercedes-Benz,Sprinter,2010,Mauv,21522.58,WBADS33463G587065
Kia,Optima,2009,Red,133380.02,WA1WMBFE4FD170693
Renault,Alliance,1983,Indigo,29773.45,WVGAV7AX6CW109764
Audi,A3,2007,Mauv,5721.33,1C4AJWAG3DL958182
GMC,Yukon,2006,Aquamarine,50813.75,1C4SDHCT1CC335613
Hyundai,Elantra,2008,Pink,11423.95,3D7JB1EP7BG887403
Acura,Legend,1992,Yellow,133883.15,3D7TT2CT7BG700611
Ford,Fusion,2012,Green,148258.94,JTHBB1BA1A2006411
Chevrolet,Blazer,1997,Violet,135777.34,JHMGE8G38BS460012
Porsche,Carrera GT,2004,Puce,21116.02,3FADP4AJ1DM379708
Geo,Tracker,1997,Teal,50261.26,1FTWX3B53AE251130
Volvo,V70,2005,Fuscia,64652.25,3FADP0L38AR791095
Saab,900,1987,Indigo,26854.82,WBAAW33481E787283
Lincoln,MKZ,2008,Goldenrod,53240.48,WVWED7AJ3AW201285
Ford,F-Series,1997,Turquoise,86101.65,WBAUC73529V979297
Mercedes-Benz,G-Class,2009,Fuscia,36147.15,WDBWK5JA5BF905616
Mercury,Grand Marquis,2008,Crimson,72244.25,WAUBC48H55K364506
Pontiac,Solstice,2008,Maroon,65255.24,1G6KE57Y22U723155
Acura,TSX,2008,Green,59424.91,1N6BF0KL7FN943560
Land Rover,Freelander,2008,Fuscia,114980.93,2T3BFREV5EW408240
Infiniti,QX,1999,Blue,148746.81,WBALW7C57CD751537
Chrysler,300M,1999,Khaki,142955.89,WBAET37443N856428
Isuzu,Ascender,2006,Teal,76629.36,WAUWMAFC0FN529172
Jeep,Liberty,2005,Yellow,9308.22,4T1BD1FK1FU364050
Ford,Thunderbird,2002,Purple,43987.41,1FMJU1F5XAE068935
Bentley,Continental GTC,2007,Puce,54132.87,WBAYM1C50ED030066
Saturn,Aura,2008,Purple,117172.48,5N1AL0MM9FC537753
Suzuki,SJ,1994,Fuscia,26292.74,WAUNF98P88A565495
Mitsubishi,Montero,2002,Red,11803.73,1C4SDJCT2DC970879
Ford,Lightning,1994,Crimson,65398.97,WAULD64B33N574158
Oldsmobile,Silhouette,1999,Blue,93713.94,KMHHU6KJ9FU392926
GMC,3500 Club Coupe,1992,Puce,47097.00,WBAYA6C53ED723364
Aston Martin,Virage,2011,Purple,91675.98,WBASP4C52CC092649
Infiniti,QX56,2011,Aquamarine,59150.50,WVWED7AJ2BW832143
Ford,Escape,2006,Pink,90854.26,2HNYD18852H390383
Maybach,62,2009,Indigo,17757.39,JH4DC54863S556102
Pontiac,Grand Prix,2001,Turquoise,148442.72,3N1CN7AP2FL135370
Subaru,Brat,1984,Maroon,52933.22,1FTEW1CW6AK865486
Cadillac,XLR-V,2006,Yellow,11395.95,JM1NC2LF9C0640169
Honda,Civic,1993,Blue,27584.09,1D4PT7GX9BW898649
Ford,Thunderbird,2002,Khaki,149934.96,3GYFNCE36DS855939
Dodge,Ram 2500,2002,Goldenrod,97928.80,WAUEF98E76A196236
Lincoln,MKZ,2011,Violet,78857.80,5UXZV4C53D0919034
Mercedes-Benz,CL-Class,2003,Teal,91303.84,WBA3A5G56FN849602
Buick,Century,1997,Purple,7094.36,3C4PDDAG8ET914397
Buick,Park Avenue,1994,Yellow,119510.11,5TDBY5G14BS245686
Mercedes-Benz,G-Class,2007,Violet,122514.97,1G6DL1E37D0433180
Chevrolet,TrailBlazer,2008,Turquoise,65656.44,WAUHE78P09A661966
Isuzu,i-370,2007,Mauv,124270.92,2G4G05GV5B9612762
Cadillac,Catera,1997,Puce,80740.95,WBAVT13546A655739
GMC,2500 Club Coupe,1993,Turquoise,86819.69,1FTKR1AD5AP229169
Audi,Q7,2009,Khaki,36111.28,1GYS4UKJ8FR147210
Honda,Passport,1997,Pink,96501.96,KNDPB3A27C7685328
Chevrolet,Venture,2001,Aquamarine,111260.85,1LNHL9DR5CG180039
Mazda,Miata MX-5,2002,Blue,88456.62,4T1BD1EB7FU065602
Pontiac,Bonneville,2000,Red,135809.44,SALSF2D46BA501013
Kia,Spectra,2006,Yellow,107057.02,1FTNX2A57AE098548
GMC,Jimmy,2001,Aquamarine,12383.13,1GD02ZCG6DZ434475
Saab,9000,1992,Puce,18887.57,2C3CDXJGXEH504052
Ford,Club Wagon,1998,Purple,94525.29,4JGCB2FE2AA403555
Plymouth,Prowler,1999,Pink,111282.35,1FTFW1E87AK896443
Hyundai,Tiburon,1999,Turquoise,2640.53,WDDHF0EB2EB056910
Mitsubishi,Mirage,1995,Crimson,88367.62,WAUJT68E73A825110
Mercedes-Benz,G-Class,2005,Maroon,99673.93,WBALW7C53CD110322
Mercury,Grand Marquis,2001,Khaki,89230.84,WBAKB0C51BC465461
Toyota,T100,1995,Orange,27709.19,WAUMK78K89A233896
Scion,xB,2009,Yellow,149923.80,1GKKRNED3DJ881241
Dodge,Dakota,2000,Turquoise,87285.94,5GAKVDEDXCJ691423
Mercedes-Benz,SL-Class,1988,Fuscia,50384.17,1FMJK1JT4FE960066
Honda,CR-V,2002,Yellow,89410.10,3TMJU4GN1EM395201
Chevrolet,Suburban,2009,Maroon,6773.67,1N6AF0KX2EN693965
Jaguar,XJ,2009,Violet,130840.30,WAUEF78E58A804052
Maybach,57,2006,Crimson,122310.79,1B3CB8HB5BD003825
Pontiac,Grand Prix,2007,Aquamarine,138041.78,3D73M3CL4BG482436
Toyota,T100,1997,Indigo,15418.57,1GYS4CKJ3FR648242
Subaru,Outback,2005,Goldenrod,140503.92,WBAPM5C50BE380547
GMC,Savana 3500,2002,Teal,32676.07,JTEBC3EH3C2887341
Volvo,S40,2003,Goldenrod,11330.56,SAJWA0FA4AH222598
Suzuki,SJ,1985,Pink,132000.52,SALCR2BG8FH869733
Suzuki,Swift,1989,Red,17656.47,WDDHF0EB1EB318349
Mercedes-Benz,C-Class,2006,Orange,35443.45,2C4RDGCG5FR449024
Acura,Integra,1996,Purple,18468.15,WAUKD78P37A003323
Mercury,Sable,1988,Pink,144974.45,WBAVL1C57EV872077
Suzuki,Swift,1994,Goldenrod,89684.48,WUAW2BFC8EN047761
Mitsubishi,Diamante,2003,Red,44990.82,WA1DGAFE2ED852656
Audi,A3,2010,Aquamarine,131959.38,WBA3V9C56F5946624
Nissan,Altima,2000,Pink,121142.02,JM3TB2MA0A0752991
Dodge,Neon,1996,Teal,46759.70,WAUHFAFL0EA291851
Kia,Sportage,1997,Yellow,70874.15,1G6AA5RX8F0452594
Mercedes-Benz,SL-Class,1994,Crimson,112081.90,1FTEW1C80FF380116
Ford,E150,2006,Yellow,16883.92,SCBGT3ZA8FC877042
Mazda,Mazda2,2011,Orange,4155.91,1ZVBP8AM7D5044216
Chrysler,Town & Country,2006,Khaki,141501.18,1GYFC56239R790520
Toyota,Tundra,2004,Crimson,147671.43,2G4WD562051978350
Hummer,H3,2010,Goldenrod,39291.60,1GYS3FEJ1DR951694
Mazda,Mazda3,2009,Fuscia,96645.77,19UYA42511A960988
Dodge,Ram 1500 Club,2000,Goldenrod,17273.89,JN8AZ1MU5DW954893
Chevrolet,Suburban 2500,2007,Red,51130.63,WAUVT68E44A317034
Mercury,Villager,1993,Green,117921.70,WA1UFAFLXDA935026
BMW,8 Series,1997,Fuscia,98354.97,1G4PP5SK6E4942751
Suzuki,Aerio,2002,Puce,26123.25,TRUVD38J691263664
Mazda,MX-5,1993,Indigo,94451.53,3N1CE2CP4FL003761
Suzuki,SJ,1989,Turquoise,50651.88,WA1WMAFE6ED433551
Aston Martin,DB9,2006,Khaki,138006.33,1G6DV8EP9C0728608
Audi,Q7,2007,Blue,10690.90,JN8AZ2KR5AT146545
Audi,100,1989,Fuscia,25909.27,WAUMV94E18N549442
Toyota,Tacoma,2003,Pink,73387.11,WBABW33475P830056
Dodge,Ram Van B150,1994,Turquoise,101130.43,W04GY5GV4B1575859
Dodge,Durango,2005,Red,90886.78,WAUDF78E98A924271
Cadillac,DeVille,2005,Puce,51249.42,3N6CM0KNXEK729307
BMW,M3,2006,Red,9682.77,WA1DGAFE6BD433060
Dodge,Viper RT/10,1995,Pink,119256.65,WAUYP64B41N080174
Mercedes-Benz,400E,1992,Violet,19556.96,WAUAF98E97A594029
Buick,Century,2005,Purple,31101.97,1C4RDHEG3EC293687
Acura,Legend,1990,Maroon,41217.66,JTDZN3EU3E3195457
Nissan,Quest,2011,Teal,123479.07,3VW507AT5FM367390
Mazda,Protege,2001,Red,27630.12,WBAEH135X7C798430
Cadillac,CTS,2011,Teal,35512.73,SALVP2BG8FH367173
BMW,7 Series,1999,Blue,12625.09,WA1CM74L69D012667
Kia,Borrego,2009,Crimson,105952.90,3GYFK62878G602129
Oldsmobile,Silhouette,2004,Crimson,46805.11,WBA3R1C51EF995518
Cadillac,XLR,2006,Yellow,33684.33,19VDE2E56EE552872
Ford,Escort,1998,Crimson,80571.11,WAUDFAFL0DA082249
Nissan,Pathfinder,2006,Red,77976.78,5J8TB4H51GL292251
Mitsubishi,Mirage,1992,Khaki,99851.81,JH4DC53876S357226
Ford,Aerostar,1990,Purple,5780.43,SCBCR63W26C283047
Infiniti,M,2004,Pink,78369.00,1FTWX3A57AE542327
Spyker,C8 Spyder Wide Body,2004,Crimson,34087.65,WAUGL68E65A267361
Porsche,Cayman,2012,Teal,27391.16,1N6AA0EJ0FN101275
GMC,2500 Club Coupe,1992,Goldenrod,91705.07,WAUDT94F35N441270
BMW,5 Series,2004,Violet,136828.90,1C3CDZBG8EN160660
Cadillac,Escalade ESV,2009,Blue,96881.65,WP0AA2A8XFK393214
Mitsubishi,Mirage,1999,Pink,51966.27,2D4RN3DG4BR837640
Volvo,960,1997,Green,88722.51,2G4GU5GC5B9159102
Saab,9000,1997,Yellow,128363.12,19UYA416X3A578357
Dodge,Ram Wagon B150,1993,Indigo,30758.47,1GD312CG1BF089605
Pontiac,Grand Am,1993,Puce,132037.32,1ZVBP8AM8D5850386
Mercedes-Benz,S-Class,2004,Teal,140166.00,5J6TF1H51FL896019
Mitsubishi,Eclipse,2000,Crimson,57232.66,2G4GP5ECXB9783388
Ford,Mustang,1994,Goldenrod,142467.12,3VW4T7AT2EM697344
Honda,CR-V,2004,Orange,23535.15,WAULD64B62N994026
Subaru,Leone,1988,Goldenrod,125948.72,3VW4S7AT2EM504631
Toyota,Prius,2006,Maroon,103502.73,WBALM73549E715345
Ford,Aerostar,1987,Indigo,83669.78,4T1BK3DB8BU651934
Chevrolet,Blazer,1993,Puce,46781.16,1G6KD57YX2U761333
Acura,NSX,1994,Crimson,24180.29,WBA3A9G56DN885648
Dodge,Intrepid,2003,Khaki,55605.22,WVGAV7AX0CW063364
Subaru,SVX,1992,Turquoise,145098.91,5N1AR2MM4EC096848
Mitsubishi,Mighty Max Macro,1993,Indigo,4790.06,WAUEF78EX7A105935
Buick,Century,2005,Yellow,56853.88,1VWAS7A39FC680940
Dodge,Ram Van 3500,1997,Crimson,62459.13,WP1AA2A27DL719047
Maserati,Quattroporte,2005,Yellow,8857.73,KMHGN4JE3FU954885
Nissan,Versa,2010,Orange,133809.51,3C6LD5BT1CG877674
Hyundai,Azera,2008,Violet,83613.87,KNAFU5A27D5761867
Porsche,911,1995,Aquamarine,76252.64,WAUAH98E48A512350
Chevrolet,Tahoe,2012,Fuscia,134642.56,WAUSF98E37A834941
Lincoln,Town Car,2007,Crimson,54592.42,1N6AA0CC6EN299198
Buick,Riviera,1998,Goldenrod,98288.19,WAUNF78P78A650543
Subaru,Impreza,2004,Mauv,31225.44,5UXFE83509L402726
Mazda,CX-7,2010,Fuscia,129185.76,3C3CFFBR1ET160994
Buick,Skyhawk,1988,Turquoise,146843.31,4T1BF3EKXAU588319
Suzuki,SJ,1989,Violet,39755.23,KNAFX5A80E5116040
Mercury,Mystique,2000,Pink,110864.06,JM1BL1H43A1540127
Geo,Prizm,1994,Green,128335.82,WAUKH78E07A267781
Mitsubishi,Chariot,1991,Orange,146764.03,3VW517AT3FM878206
Buick,LaCrosse,2009,Teal,62677.69,JM1DE1KY7E0051112
Oldsmobile,Cutlass Supreme,1996,Orange,74498.37,5UXFB33513L474795
